rep,taxa,d_h1_count,d_h1_entropy,d_h1_total_persistence,d_h1_mean_lifetime,d_h1_max_lifetime,d_max_betti1,p_h1_count,p_h1_entropy,p_h1_total_persistence,p_h1_mean_lifetime,p_h1_max_lifetime,p_max_betti1,delta_h1_count,delta_h1_entropy,delta_h1_total_persistence,delta_h1_mean_lifetime,delta_h1_max_lifetime,delta_max_betti1
-1,paper_taxa,-0.9552,-0.7297,-1.4578,-0.9632,-1.2289,-0.5177,0.001996,0.001996,0.001996,0.001996,0.001996,0.001996,-5.355,-0.1194,-0.5203,-0.0066,-0.0385,-1.715
0,paper_taxa,-0.5297,-0.4275,-0.9344,-0.7414,-0.6915,-0.3709,0.001996,0.001996,0.001996,0.001996,0.001996,0.001996,-2.855,-0.0669,-0.3218,-0.0048,-0.0224,-1.175
1,paper_taxa,-0.5789,-0.4969,-1.2784,-1.0876,-0.7327,-0.7367,0.001996,0.001996,0.001996,0.001996,0.001996,0.001996,-3.21,-0.084,-0.4452,-0.0075,-0.0227,-2.22
2,paper_taxa,0.213,0.2601,-0.4837,-0.9322,-0.7413,0.0646,0.03992,0.013972,0.001996,0.001996,0.001996,0.552894,1.23,0.0458,-0.1806,-0.0066,-0.0231,0.205
3,paper_taxa,2.1454,2.2288,1.0549,-0.8297,-1.1708,1.8219,0.001996,0.001996,0.001996,0.001996,0.001996,0.001996,11.025,0.4115,0.3466,-0.0067,-0.0402,5.11
4,paper_taxa,0.4114,0.4043,-0.3063,-0.7851,-1.0677,0.542,0.001996,0.001996,0.00998,0.001996,0.001996,0.001996,2.07,0.0658,-0.1063,-0.0056,-0.0399,1.615
5,paper_taxa,0.7347,0.8851,-0.3689,-1.3234,-1.3691,0.2642,0.001996,0.001996,0.001996,0.001996,0.001996,0.003992,3.89,0.1422,-0.1269,-0.0095,-0.0483,0.765
6,paper_taxa,-0.4074,-0.3318,-1.1541,-1.1085,-0.9441,-0.4932,0.001996,0.003992,0.001996,0.001996,0.001996,0.001996,-2.065,-0.0514,-0.3943,-0.0077,-0.0303,-1.405
7,paper_taxa,-0.1467,-0.2406,-0.6336,-0.7192,-0.2571,-0.165,0.153693,0.011976,0.001996,0.001996,0.00998,0.103792,-0.745,-0.0374,-0.2172,-0.0052,-0.0084,-0.495
8,paper_taxa,-0.7848,-0.7041,-1.0656,-0.5874,-0.938,0.2706,0.001996,0.001996,0.001996,0.001996,0.001996,0.007984,-4.195,-0.1149,-0.3746,-0.0043,-0.0307,0.735
9,paper_taxa,0.5994,0.6605,-0.3799,-1.1983,-1.2778,0.0034,0.001996,0.001996,0.001996,0.001996,0.001996,0.982036,3.26,0.1084,-0.1319,-0.0084,-0.0408,0.01
10,paper_taxa,-0.3807,-0.2425,-1.1681,-1.1795,-1.1774,-0.3592,0.001996,0.011976,0.001996,0.001996,0.001996,0.001996,-2.135,-0.0415,-0.4104,-0.0083,-0.0399,-1.115
11,paper_taxa,1.0087,1.1734,0.1885,-0.8859,-0.9994,0.7373,0.001996,0.001996,0.047904,0.001996,0.001996,0.001996,5.34,0.2037,0.0613,-0.0059,-0.0305,2.12
12,paper_taxa,0.8426,0.9779,0.4214,-0.2965,-0.6477,0.5256,0.001996,0.001996,0.001996,0.003992,0.001996,0.001996,4.345,0.1538,0.1395,-0.0021,-0.0227,1.515
13,paper_taxa,0.1802,0.244,-0.0698,-0.2588,-0.1901,0.1356,0.081836,0.021956,0.48503,0.017964,0.043912,0.151697,0.95,0.0379,-0.0258,-0.0019,-0.0061,0.41
14,paper_taxa,-0.3872,-0.3716,-1.1648,-1.1758,-0.7875,-0.5106,0.001996,0.003992,0.001996,0.001996,0.001996,0.001996,-2.03,-0.0587,-0.4231,-0.0085,-0.0259,-1.575
15,paper_taxa,0.9797,1.0355,0.3639,-0.5325,-0.5426,0.8309,0.001996,0.001996,0.001996,0.001996,0.001996,0.001996,5.025,0.1703,0.1212,-0.0038,-0.018,2.405
16,paper_taxa,0.7732,0.8581,0.1952,-0.6117,-0.978,1.2524,0.001996,0.001996,0.057884,0.001996,0.001996,0.001996,4.225,0.1517,0.0656,-0.0041,-0.0333,3.605
17,paper_taxa,-1.5285,-1.3728,-1.9143,-1.0984,-0.9539,-0.9555,0.001996,0.001996,0.001996,0.001996,0.001996,0.001996,-8.135,-0.216,-0.6619,-0.0073,-0.0317,-2.845
18,paper_taxa,-0.3105,-0.2056,-0.6164,-0.5721,-0.3131,-0.4239,0.005988,0.02994,0.001996,0.001996,0.007984,0.001996,-1.71,-0.0344,-0.2233,-0.0039,-0.0104,-1.38
19,paper_taxa,0.4984,0.4821,0.0593,-0.402,-0.6201,0.8797,0.001996,0.001996,0.528942,0.001996,0.001996,0.001996,2.585,0.0768,0.0217,-0.003,-0.0201,2.6
20,paper_taxa,0.4996,0.6558,-0.5358,-1.3107,-1.1883,0.011,0.001996,0.001996,0.001996,0.001996,0.001996,0.918164,2.8,0.1148,-0.1836,-0.0093,-0.0396,0.035
21,paper_taxa,-0.1605,-0.261,-0.8174,-0.9541,-0.3678,-0.7841,0.11976,0.021956,0.001996,0.001996,0.001996,0.001996,-0.835,-0.0413,-0.2828,-0.0066,-0.0128,-2.375
22,paper_taxa,-0.7131,-0.6575,-1.4983,-1.3305,-0.923,-1.0385,0.001996,0.001996,0.001996,0.001996,0.001996,0.001996,-3.815,-0.1007,-0.5358,-0.009,-0.0294,-3.115
23,paper_taxa,-1.1735,-1.1254,-1.7501,-1.1436,-0.786,-0.9979,0.001996,0.001996,0.001996,0.001996,0.001996,0.001996,-6.175,-0.1689,-0.5945,-0.0075,-0.0245,-2.93
24,paper_taxa,-0.8617,-0.7403,-1.45,-1.0707,-0.9127,-0.7284,0.001996,0.001996,0.001996,0.001996,0.001996,0.001996,-4.925,-0.1323,-0.5261,-0.0073,-0.0292,-2.19
25,paper_taxa,0.5499,0.5302,-0.342,-1.0823,-0.7107,0.0594,0.001996,0.001996,0.003992,0.001996,0.001996,0.602794,2.805,0.0878,-0.1178,-0.0075,-0.022,0.185
26,paper_taxa,-1.0546,-1.0012,-1.4291,-0.9097,-0.6782,-0.7151,0.001996,0.001996,0.001996,0.001996,0.001996,0.001996,-5.565,-0.165,-0.5176,-0.0062,-0.0195,-2.27
27,paper_taxa,0.2831,0.4162,-0.5084,-0.9742,-0.9745,0.3728,0.007984,0.001996,0.001996,0.001996,0.001996,0.001996,1.47,0.0671,-0.1721,-0.007,-0.0343,1.045
28,paper_taxa,0.5859,0.5478,-0.3792,-1.1385,-1.0324,0.0256,0.001996,0.001996,0.001996,0.001996,0.001996,0.792415,3.09,0.0964,-0.1332,-0.0084,-0.033,0.075
29,paper_taxa,-0.0351,-0.1041,-0.9174,-1.1704,-0.9889,-0.3721,0.754491,0.303393,0.001996,0.001996,0.001996,0.001996,-0.195,-0.0168,-0.3246,-0.0086,-0.0304,-1.09
30,paper_taxa,-1.2625,-1.2026,-1.6687,-0.904,-0.8456,-0.7113,0.001996,0.001996,0.001996,0.001996,0.001996,0.001996,-6.65,-0.1885,-0.5736,-0.0062,-0.0277,-2.235
31,paper_taxa,-1.5045,-1.252,-2.5941,-1.911,-1.6048,-1.4385,0.001996,0.001996,0.001996,0.001996,0.001996,0.001996,-7.905,-0.2045,-0.9296,-0.0134,-0.0497,-4.675
32,paper_taxa,-0.0061,0.1538,-0.7552,-0.9704,-0.9874,-0.1515,0.964072,0.151697,0.001996,0.001996,0.001996,0.131737,-0.03,0.024,-0.2493,-0.0067,-0.0325,-0.47
33,paper_taxa,0.1444,0.2065,-0.355,-0.5923,-0.4903,0.2346,0.11976,0.041916,0.001996,0.001996,0.001996,0.027944,0.785,0.0332,-0.1167,-0.0042,-0.0157,0.69
34,paper_taxa,-0.2185,-0.0529,-1.6607,-1.9162,-1.936,-0.1099,0.01996,0.560878,0.001996,0.001996,0.001996,0.249501,-1.1,-0.0083,-0.5187,-0.0124,-0.0612,-0.305
35,paper_taxa,-0.0367,-0.0043,-0.5648,-0.7426,-0.606,-0.1982,0.736527,0.976048,0.001996,0.001996,0.001996,0.071856,-0.195,-0.0007,-0.2028,-0.0053,-0.0196,-0.625
36,paper_taxa,-0.6971,-0.5383,-1.3351,-1.0785,-1.3954,-0.2368,0.001996,0.001996,0.001996,0.001996,0.001996,0.025948,-4.03,-0.09,-0.4872,-0.0078,-0.047,-0.7
37,paper_taxa,-1.3661,-1.331,-1.7955,-1.0092,-0.8711,-0.8248,0.001996,0.001996,0.001996,0.001996,0.001996,0.001996,-7.37,-0.2213,-0.6183,-0.0069,-0.0296,-2.545
38,paper_taxa,-1.0074,-0.8414,-1.4433,-1.0411,-1.0513,-0.325,0.001996,0.001996,0.001996,0.001996,0.001996,0.005988,-5.38,-0.1374,-0.5403,-0.007,-0.0374,-1.115
39,paper_taxa,0.4697,0.5383,0.2649,-0.1343,-0.5997,0.9821,0.001996,0.001996,0.021956,0.183633,0.001996,0.001996,2.66,0.1004,0.0966,-0.0009,-0.0207,2.825
40,paper_taxa,0.1203,0.2061,-0.9097,-1.2992,-1.2585,-0.373,0.239521,0.055888,0.001996,0.001996,0.001996,0.001996,0.635,0.0329,-0.3156,-0.0094,-0.0399,-1.175
41,paper_taxa,-1.6383,-1.5554,-2.1908,-1.1822,-1.1011,-1.0586,0.001996,0.001996,0.001996,0.001996,0.001996,0.001996,-8.25,-0.2346,-0.7188,-0.0078,-0.0373,-3.135
42,paper_taxa,0.0719,0.137,-0.3517,-0.5647,-0.6341,-0.0845,0.407186,0.195609,0.001996,0.001996,0.001996,0.391218,0.375,0.0232,-0.119,-0.004,-0.0211,-0.255
43,paper_taxa,-0.2337,-0.078,-1.1747,-1.3272,-1.2212,-0.623,0.015968,0.431138,0.001996,0.001996,0.001996,0.001996,-1.24,-0.0126,-0.405,-0.0095,-0.0398,-1.815
44,paper_taxa,0.2292,0.4206,-0.568,-1.0916,-1.183,0.3183,0.021956,0.001996,0.001996,0.001996,0.001996,0.005988,1.255,0.0739,-0.2042,-0.0075,-0.0417,0.99
45,paper_taxa,-0.5794,-0.4147,-1.3168,-1.1742,-1.1157,-0.6952,0.001996,0.001996,0.001996,0.001996,0.001996,0.001996,-2.95,-0.0635,-0.4745,-0.0088,-0.0354,-2.255
46,paper_taxa,-0.225,-0.0596,-0.7174,-0.7314,-1.0576,0.3457,0.031936,0.580838,0.001996,0.001996,0.001996,0.001996,-1.195,-0.0102,-0.2508,-0.005,-0.0371,1.05
47,paper_taxa,0.8535,0.8184,0.1683,-0.7204,-0.802,0.5597,0.001996,0.001996,0.115768,0.001996,0.001996,0.001996,4.78,0.1445,0.062,-0.0053,-0.0249,1.78
48,paper_taxa,-0.3814,-0.3872,-0.643,-0.4903,-0.185,-0.2849,0.001996,0.001996,0.001996,0.001996,0.073852,0.013972,-2.14,-0.0675,-0.2283,-0.0033,-0.006,-0.88
49,paper_taxa,-1.738,-1.6971,-2.088,-1.0666,-0.4599,-1.6925,0.001996,0.001996,0.001996,0.001996,0.001996,0.001996,-9.57,-0.2797,-0.7383,-0.0067,-0.0148,-5.345
50,paper_taxa,0.8801,0.8479,0.2332,-0.6831,-0.373,0.4369,0.001996,0.001996,0.021956,0.001996,0.001996,0.001996,4.86,0.144,0.0799,-0.0046,-0.0115,1.3
51,paper_taxa,0.1353,0.2765,-0.7869,-1.1912,-1.0577,-0.1171,0.167665,0.017964,0.001996,0.001996,0.001996,0.251497,0.675,0.0432,-0.2603,-0.0082,-0.0337,-0.34
52,paper_taxa,0.1441,0.3287,-0.5402,-0.9491,-0.8096,0.1267,0.177645,0.001996,0.001996,0.001996,0.001996,0.205589,0.795,0.0546,-0.1955,-0.0064,-0.0266,0.37
53,paper_taxa,-0.9488,-1.0452,-1.9673,-1.6445,-0.8974,-1.36,0.001996,0.001996,0.001996,0.001996,0.001996,0.001996,-4.745,-0.1613,-0.6851,-0.0115,-0.0266,-3.76
54,paper_taxa,-0.0239,0.0975,-0.5583,-0.7413,-0.7069,-0.0016,0.810379,0.309381,0.001996,0.001996,0.001996,1.0,-0.13,0.0167,-0.1976,-0.0053,-0.0232,-0.005
55,paper_taxa,0.3246,0.4056,-0.3816,-0.8726,-0.7675,-0.1194,0.003992,0.001996,0.001996,0.001996,0.001996,0.237525,1.755,0.067,-0.1338,-0.0061,-0.0245,-0.365
56,paper_taxa,1.1789,1.3025,0.4435,-0.6753,-0.9256,1.2192,0.001996,0.001996,0.001996,0.001996,0.001996,0.001996,6.53,0.227,0.1565,-0.0051,-0.0322,3.555
57,paper_taxa,0.9006,1.0428,-0.073,-1.0161,-1.8235,1.2923,0.001996,0.001996,0.44511,0.001996,0.001996,0.001996,4.45,0.1631,-0.0238,-0.007,-0.0638,3.695
58,paper_taxa,-0.3259,-0.4682,-1.0679,-1.0479,-0.4071,-0.5593,0.001996,0.001996,0.001996,0.001996,0.001996,0.001996,-1.775,-0.0757,-0.3472,-0.0071,-0.0137,-1.655
59,paper_taxa,-1.487,-1.5199,-1.8111,-0.7425,-0.7041,-0.8379,0.001996,0.001996,0.001996,0.001996,0.001996,0.001996,-8.555,-0.2488,-0.6209,-0.0051,-0.0227,-2.535
60,paper_taxa,-0.155,0.0388,-0.6424,-0.7616,-0.8475,0.2036,0.161677,0.736527,0.001996,0.001996,0.001996,0.0499,-0.8,0.0061,-0.252,-0.0056,-0.0283,0.64
61,paper_taxa,0.1705,0.2746,-0.7515,-1.1395,-1.4008,0.5444,0.105788,0.015968,0.001996,0.001996,0.001996,0.001996,0.9,0.0425,-0.2489,-0.0081,-0.0476,1.58
62,paper_taxa,-0.8618,-0.745,-1.3538,-1.0809,-0.7214,-0.6353,0.001996,0.001996,0.001996,0.001996,0.001996,0.001996,-4.83,-0.1245,-0.5402,-0.0079,-0.0234,-2.195
63,paper_taxa,0.1994,0.3717,-0.4141,-0.8136,-1.1539,0.455,0.06986,0.001996,0.001996,0.001996,0.001996,0.001996,1.055,0.0635,-0.1478,-0.0054,-0.037,1.37
64,paper_taxa,0.1382,0.2134,-0.8001,-1.2263,-1.0633,0.2834,0.197605,0.043912,0.001996,0.001996,0.001996,0.007984,0.75,0.0365,-0.2542,-0.008,-0.0362,0.82
65,paper_taxa,-0.2116,-0.0879,-0.914,-1.1142,-1.1169,-0.0871,0.037924,0.379242,0.001996,0.001996,0.001996,0.367265,-1.2,-0.0159,-0.3529,-0.0083,-0.0403,-0.255
66,paper_taxa,0.4426,0.5991,-0.143,-0.681,-0.8474,0.4385,0.001996,0.001996,0.133733,0.001996,0.001996,0.001996,2.435,0.1002,-0.0478,-0.0048,-0.0272,1.33
67,paper_taxa,0.9251,1.1709,-0.1256,-1.2032,-1.3375,0.5017,0.001996,0.001996,0.199601,0.001996,0.001996,0.001996,4.95,0.1981,-0.0447,-0.0087,-0.0444,1.405
68,paper_taxa,-0.003,0.1486,-0.5817,-0.7516,-1.3179,0.9075,0.994012,0.177645,0.001996,0.001996,0.001996,0.001996,-0.015,0.0232,-0.2007,-0.0054,-0.0499,2.48
69,paper_taxa,0.5023,0.3896,-0.0502,-0.5677,-0.3512,0.4217,0.001996,0.001996,0.62475,0.001996,0.001996,0.001996,2.665,0.0627,-0.0172,-0.0041,-0.0125,1.3
70,paper_taxa,0.0753,0.254,-0.5713,-0.8865,-0.8485,0.3726,0.479042,0.021956,0.001996,0.001996,0.001996,0.001996,0.395,0.042,-0.2148,-0.0065,-0.029,1.135
71,paper_taxa,-0.3612,-0.18,-0.8599,-0.7459,-0.9255,0.1677,0.003992,0.06986,0.001996,0.001996,0.001996,0.093812,-1.83,-0.0286,-0.288,-0.0053,-0.0316,0.5
72,paper_taxa,0.8989,1.1248,-0.4376,-1.4804,-1.4797,0.3082,0.001996,0.001996,0.001996,0.001996,0.001996,0.003992,4.54,0.1831,-0.1439,-0.0106,-0.0552,0.83
73,paper_taxa,-0.0711,0.1712,-0.6119,-0.7473,-1.0155,0.3161,0.45509,0.063872,0.001996,0.001996,0.001996,0.007984,-0.37,0.0266,-0.2128,-0.0054,-0.0349,0.95
74,paper_taxa,0.5706,0.5434,-0.1922,-0.8539,-0.5629,-0.21,0.001996,0.001996,0.067864,0.001996,0.001996,0.047904,2.975,0.0912,-0.0692,-0.0064,-0.0197,-0.655
75,paper_taxa,-0.8026,-0.8497,-1.6897,-1.5144,-0.9291,-1.2616,0.001996,0.001996,0.001996,0.001996,0.001996,0.001996,-4.33,-0.1336,-0.6091,-0.0102,-0.0303,-4.025
76,paper_taxa,0.8937,0.9632,0.2229,-0.6558,-0.9497,1.4633,0.001996,0.001996,0.01996,0.001996,0.001996,0.001996,4.37,0.1555,0.0666,-0.0043,-0.0336,3.735
77,paper_taxa,0.634,0.653,0.3338,-0.2272,-0.4042,1.0376,0.001996,0.001996,0.001996,0.023952,0.001996,0.001996,3.66,0.1204,0.1258,-0.0016,-0.0133,3.14
78,paper_taxa,0.9663,1.0026,0.3791,-0.4898,-0.5772,0.8728,0.001996,0.001996,0.001996,0.001996,0.001996,0.001996,5.005,0.1662,0.127,-0.0034,-0.0175,2.53
79,paper_taxa,-1.4403,-1.3379,-1.6594,-0.7154,-1.0596,-0.6512,0.001996,0.001996,0.001996,0.001996,0.001996,0.001996,-7.05,-0.1835,-0.5469,-0.0048,-0.0307,-2.005
80,paper_taxa,-0.2478,-0.1524,-0.8251,-0.916,-0.8657,-0.1455,0.007984,0.101796,0.001996,0.001996,0.001996,0.149701,-1.33,-0.0256,-0.2881,-0.0063,-0.0265,-0.45
81,paper_taxa,-0.0456,-0.0196,-0.8097,-0.978,-0.9623,-0.167,0.658683,0.832335,0.001996,0.001996,0.001996,0.10978,-0.23,-0.003,-0.2779,-0.0072,-0.0312,-0.525
82,paper_taxa,0.8403,0.9815,0.2025,-0.5883,-0.9746,1.2398,0.001996,0.001996,0.0499,0.001996,0.001996,0.001996,4.205,0.1618,0.0644,-0.004,-0.0342,3.35
83,paper_taxa,-0.647,-0.691,-1.2137,-0.9351,-0.381,-1.1016,0.001996,0.001996,0.001996,0.001996,0.001996,0.001996,-3.47,-0.1075,-0.4126,-0.0064,-0.0122,-3.36
84,paper_taxa,0.9017,0.8935,0.2931,-0.4666,-0.293,1.4656,0.001996,0.001996,0.013972,0.001996,0.00998,0.001996,4.755,0.1449,0.1053,-0.0034,-0.0096,4.115
85,paper_taxa,0.5592,0.5707,0.2817,-0.2027,-0.2987,0.9777,0.001996,0.001996,0.015968,0.051896,0.005988,0.001996,3.095,0.0991,0.0983,-0.0015,-0.01,2.97
86,paper_taxa,-0.7086,-0.5688,-1.227,-1.0122,-1.0499,-0.2184,0.001996,0.001996,0.001996,0.001996,0.001996,0.041916,-3.83,-0.0971,-0.4472,-0.0067,-0.0319,-0.68
87,paper_taxa,-0.696,-0.7392,-1.7263,-1.5955,-1.1084,-0.7714,0.001996,0.001996,0.001996,0.001996,0.001996,0.001996,-3.645,-0.115,-0.6411,-0.012,-0.0352,-2.33
88,paper_taxa,0.1344,0.155,-0.8511,-1.287,-1.1229,0.1619,0.175649,0.103792,0.001996,0.001996,0.001996,0.147705,0.69,0.0244,-0.2889,-0.009,-0.0355,0.49
89,paper_taxa,-0.3428,-0.2742,-1.1187,-1.2227,-0.7767,-0.7408,0.001996,0.003992,0.001996,0.001996,0.001996,0.001996,-1.84,-0.0447,-0.3875,-0.0078,-0.0239,-2.305
90,paper_taxa,-0.826,-0.9059,-1.0461,-0.5544,-0.1632,-0.3433,0.001996,0.001996,0.001996,0.001996,0.08982,0.001996,-4.565,-0.1492,-0.3654,-0.0036,-0.0051,-1.045
91,paper_taxa,-0.2955,-0.0966,-1.2147,-1.4604,-1.4301,-0.1347,0.005988,0.321357,0.001996,0.001996,0.001996,0.183633,-1.565,-0.0155,-0.4494,-0.01,-0.0453,-0.415
92,paper_taxa,0.5237,0.6599,-0.2778,-0.9472,-0.9171,0.1763,0.001996,0.001996,0.007984,0.001996,0.001996,0.057884,2.8,0.1117,-0.0943,-0.0066,-0.0321,0.505
93,paper_taxa,1.1872,1.1987,0.3496,-0.6887,-0.4616,0.6204,0.001996,0.001996,0.001996,0.001996,0.001996,0.001996,6.08,0.1937,0.122,-0.005,-0.0146,1.9
94,paper_taxa,0.9158,0.8911,0.2481,-0.6298,-0.5939,0.6956,0.001996,0.001996,0.02994,0.001996,0.001996,0.001996,4.895,0.1479,0.0844,-0.0043,-0.0194,2.12
95,paper_taxa,-1.04,-0.8234,-1.5952,-1.0939,-1.2041,-0.0871,0.001996,0.001996,0.001996,0.001996,0.001996,0.399202,-5.52,-0.1249,-0.5946,-0.0078,-0.0404,-0.265
96,paper_taxa,1.5206,1.4607,1.16,0.0982,0.0448,1.3204,0.001996,0.001996,0.001996,0.399202,0.61477,0.001996,8.355,0.2615,0.4107,0.0007,0.0014,3.77
97,paper_taxa,-2.4551,-2.3834,-2.9871,-1.3757,-0.9498,-1.8232,0.001996,0.001996,0.001996,0.001996,0.001996,0.001996,-13.06,-0.3582,-1.0125,-0.0089,-0.0307,-5.715
98,paper_taxa,1.373,1.4379,0.874,-0.261,-1.03,1.6983,0.001996,0.001996,0.001996,0.007984,0.001996,0.001996,7.37,0.2705,0.2975,-0.0019,-0.0422,4.715
99,paper_taxa,-0.001,0.0784,-1.0627,-1.3264,-0.9675,-0.4231,1.0,0.427146,0.001996,0.001996,0.001996,0.001996,-0.005,0.012,-0.3764,-0.0103,-0.032,-1.19
100,paper_taxa,-1.7055,-1.6443,-1.7749,-0.6724,-0.7598,-0.7022,0.001996,0.001996,0.001996,0.001996,0.001996,0.001996,-8.815,-0.2451,-0.6133,-0.0044,-0.0264,-2.1
101,paper_taxa,-0.7619,-0.6326,-1.3207,-1.0908,-1.2208,-0.5932,0.001996,0.001996,0.001996,0.001996,0.001996,0.001996,-4.055,-0.1022,-0.4774,-0.0074,-0.0426,-1.865
102,paper_taxa,0.7836,0.9545,0.0948,-0.723,-0.797,0.8135,0.001996,0.001996,0.319361,0.001996,0.001996,0.001996,4.42,0.1686,0.0351,-0.0053,-0.0278,2.445
103,paper_taxa,-0.628,-0.614,-0.9243,-0.6148,-0.3913,-0.5069,0.001996,0.001996,0.001996,0.001996,0.001996,0.001996,-3.32,-0.0984,-0.3177,-0.0041,-0.0121,-1.52
104,paper_taxa,0.3345,0.219,0.2351,-0.0487,0.0631,0.4658,0.005988,0.023952,0.021956,0.612774,0.500998,0.001996,1.865,0.0398,0.0856,-0.0003,0.0022,1.4
105,paper_taxa,-0.0964,-0.1513,-0.8377,-0.9883,-0.5616,-0.5283,0.353293,0.113772,0.001996,0.001996,0.001996,0.001996,-0.49,-0.0233,-0.279,-0.007,-0.018,-1.47
106,paper_taxa,1.4988,1.6702,0.2895,-0.9931,-1.2275,0.993,0.001996,0.001996,0.007984,0.001996,0.001996,0.001996,7.4,0.2772,0.099,-0.0079,-0.0448,2.66
107,paper_taxa,-0.8902,-0.79,-1.6132,-1.3714,-0.9953,-0.7648,0.001996,0.001996,0.001996,0.001996,0.001996,0.001996,-4.48,-0.117,-0.5813,-0.0093,-0.0313,-2.205
108,paper_taxa,0.0682,0.2517,-0.5323,-0.7367,-0.9612,0.9526,0.497006,0.013972,0.001996,0.001996,0.001996,0.001996,0.345,0.0374,-0.1985,-0.0056,-0.032,2.91
109,paper_taxa,-1.6689,-1.5089,-1.6509,-0.6287,-0.458,-0.5649,0.001996,0.001996,0.001996,0.001996,0.001996,0.001996,-8.965,-0.2397,-0.5972,-0.0041,-0.014,-1.795
110,paper_taxa,-0.6661,-0.5798,-1.2874,-0.984,-0.9493,-0.2432,0.001996,0.001996,0.001996,0.001996,0.001996,0.017964,-3.665,-0.0959,-0.4211,-0.0063,-0.0296,-0.725
111,paper_taxa,0.4254,0.6567,-0.2805,-0.8383,-1.041,1.0415,0.001996,0.001996,0.003992,0.001996,0.001996,0.001996,2.24,0.1097,-0.0916,-0.0059,-0.0355,2.7
112,paper_taxa,-0.1896,-0.1331,-0.5808,-0.6239,-0.6529,0.1323,0.06986,0.199601,0.001996,0.001996,0.001996,0.205589,-0.96,-0.0204,-0.208,-0.0043,-0.0209,0.395
113,paper_taxa,0.6257,0.5826,-0.1209,-0.8678,-0.4504,-0.0157,0.001996,0.001996,0.165669,0.001996,0.001996,0.872255,3.455,0.0962,-0.0405,-0.006,-0.0139,-0.045
114,paper_taxa,0.3711,0.5479,-0.4839,-1.085,-0.8115,-0.0451,0.001996,0.001996,0.001996,0.001996,0.001996,0.668663,2.02,0.0904,-0.1682,-0.0075,-0.0263,-0.14
115,paper_taxa,0.5721,0.7902,-0.2691,-1.0849,-1.2549,0.5473,0.001996,0.001996,0.005988,0.001996,0.001996,0.001996,3.085,0.1311,-0.0926,-0.0069,-0.0391,1.69
116,paper_taxa,-0.7446,-0.6851,-1.5242,-1.2557,-0.9189,-0.6358,0.001996,0.001996,0.001996,0.001996,0.001996,0.001996,-3.81,-0.1122,-0.5434,-0.0093,-0.0298,-1.875
117,paper_taxa,0.5887,0.6496,0.0892,-0.5124,-0.7427,0.3707,0.001996,0.001996,0.379242,0.001996,0.001996,0.005988,2.95,0.1001,0.0296,-0.0035,-0.0255,1.095
118,paper_taxa,-1.045,-0.888,-1.4271,-0.8342,-1.0088,-0.0503,0.001996,0.001996,0.001996,0.001996,0.001996,0.658683,-5.68,-0.1386,-0.5189,-0.0062,-0.0363,-0.155
119,paper_taxa,0.3783,0.5084,-0.414,-0.9248,-0.804,0.0221,0.001996,0.001996,0.001996,0.001996,0.001996,0.840319,2.085,0.0868,-0.1653,-0.0072,-0.0273,0.07
120,paper_taxa,0.9311,1.0375,-0.0491,-0.9258,-1.0569,0.5931,0.001996,0.001996,0.638723,0.001996,0.001996,0.001996,4.735,0.1726,-0.0161,-0.0074,-0.0362,1.615
121,paper_taxa,-1.1427,-1.1347,-2.1041,-1.6339,-0.9417,-1.145,0.001996,0.001996,0.001996,0.001996,0.001996,0.001996,-6.12,-0.1795,-0.7238,-0.0104,-0.0278,-3.44
122,paper_taxa,0.2753,0.4092,-0.3038,-0.6945,-0.8609,0.0895,0.011976,0.001996,0.001996,0.001996,0.001996,0.377246,1.47,0.0681,-0.1024,-0.0049,-0.029,0.27
123,paper_taxa,-0.1766,-0.0059,-1.0655,-1.248,-1.2933,-0.3896,0.095808,0.952096,0.001996,0.001996,0.001996,0.001996,-1.0,-0.001,-0.3869,-0.0093,-0.0427,-1.3
124,paper_taxa,0.6154,0.6422,0.1647,-0.4368,-0.4621,0.4177,0.001996,0.001996,0.101796,0.001996,0.001996,0.001996,3.325,0.1096,0.0557,-0.003,-0.0145,1.265
125,paper_taxa,0.6972,0.8382,-0.1949,-1.0033,-0.9178,0.4017,0.001996,0.001996,0.035928,0.001996,0.001996,0.003992,3.74,0.1365,-0.0655,-0.0074,-0.0328,1.15
126,paper_taxa,-1.6375,-1.4656,-2.2522,-1.2688,-1.4392,-0.9174,0.001996,0.001996,0.001996,0.001996,0.001996,0.001996,-8.955,-0.2295,-0.794,-0.0089,-0.0515,-2.685
127,paper_taxa,-0.2667,-0.2007,-0.6303,-0.5822,-0.8267,0.0242,0.005988,0.025948,0.001996,0.001996,0.001996,0.838323,-1.37,-0.0322,-0.2188,-0.004,-0.0267,0.075
128,paper_taxa,-0.339,-0.2202,-0.8721,-0.8507,-1.0591,0.1859,0.001996,0.033932,0.001996,0.001996,0.001996,0.07984,-1.84,-0.0376,-0.314,-0.0057,-0.0364,0.555
129,paper_taxa,0.2409,0.3249,-0.7536,-1.2282,-1.1337,0.1686,0.027944,0.005988,0.001996,0.001996,0.001996,0.103792,1.205,0.0508,-0.2627,-0.0089,-0.0384,0.45
130,paper_taxa,-0.5529,-0.5288,-0.922,-0.557,-0.4025,-0.4087,0.001996,0.001996,0.001996,0.001996,0.001996,0.001996,-2.92,-0.0863,-0.2972,-0.0041,-0.0129,-1.16
131,paper_taxa,-1.2154,-1.1177,-1.691,-1.0204,-1.1594,-0.7408,0.001996,0.001996,0.001996,0.001996,0.001996,0.001996,-6.3,-0.1709,-0.5937,-0.0071,-0.0355,-2.135
132,paper_taxa,1.0181,1.138,0.4262,-0.6361,-0.8425,1.1336,0.001996,0.001996,0.001996,0.001996,0.001996,0.001996,5.63,0.1933,0.1379,-0.0041,-0.0279,3.555
133,paper_taxa,2.2003,2.1283,1.1214,-0.6123,-0.5728,1.2421,0.001996,0.001996,0.001996,0.001996,0.001996,0.001996,11.265,0.3777,0.3893,-0.0049,-0.0197,3.53
134,paper_taxa,-0.0248,-0.0582,-0.7224,-0.9442,-0.6291,-0.2464,0.800399,0.526946,0.001996,0.001996,0.001996,0.007984,-0.125,-0.0085,-0.2429,-0.0066,-0.02,-0.69
135,paper_taxa,0.0678,0.0802,-0.2463,-0.3922,-0.2107,0.1036,0.493014,0.41517,0.015968,0.001996,0.061876,0.345309,0.355,0.0127,-0.0889,-0.0028,-0.0071,0.31
136,paper_taxa,-0.3757,-0.2186,-1.3026,-1.4741,-1.6648,-0.4709,0.001996,0.02994,0.001996,0.001996,0.001996,0.001996,-2.06,-0.0344,-0.4775,-0.01,-0.0504,-1.4
137,paper_taxa,-1.0468,-0.9172,-1.7592,-1.1938,-1.0749,-0.7824,0.001996,0.001996,0.001996,0.001996,0.001996,0.001996,-5.585,-0.1469,-0.5955,-0.0084,-0.0346,-2.215
138,paper_taxa,0.5724,0.5493,-0.1331,-0.7894,-0.7077,0.1849,0.001996,0.001996,0.189621,0.001996,0.001996,0.073852,2.96,0.0882,-0.0447,-0.0055,-0.0228,0.54
139,paper_taxa,-0.9685,-0.8235,-1.1375,-0.6206,-0.9392,-0.4159,0.001996,0.001996,0.001996,0.001996,0.001996,0.001996,-5.465,-0.1414,-0.4392,-0.0045,-0.0305,-1.3
140,paper_taxa,-0.7715,-0.7769,-1.2463,-0.9257,-0.671,-0.3744,0.001996,0.001996,0.001996,0.001996,0.001996,0.001996,-4.3,-0.1293,-0.4555,-0.0066,-0.0223,-1.19
141,paper_taxa,-0.3555,-0.2656,-0.5321,-0.352,-0.5029,-0.1847,0.005988,0.013972,0.001996,0.001996,0.001996,0.065868,-1.97,-0.0452,-0.1886,-0.0025,-0.0153,-0.565
142,paper_taxa,0.0,0.1812,-0.7338,-1.0156,-1.3295,-0.2243,1.0,0.075848,0.001996,0.001996,0.001996,0.02994,0.0,0.0299,-0.2502,-0.0069,-0.0481,-0.71
143,paper_taxa,-0.7231,-0.7066,-1.2453,-0.9002,-0.5628,-0.5834,0.001996,0.001996,0.001996,0.001996,0.001996,0.001996,-4.125,-0.1214,-0.4551,-0.0065,-0.0178,-1.86
144,paper_taxa,-0.7562,-0.7165,-1.3421,-1.0486,-0.8561,-0.4847,0.001996,0.001996,0.001996,0.001996,0.001996,0.001996,-3.995,-0.1156,-0.469,-0.0071,-0.0288,-1.54
145,paper_taxa,-0.4448,-0.5463,-1.0478,-0.9053,-0.5334,-0.7698,0.001996,0.001996,0.001996,0.001996,0.001996,0.001996,-2.585,-0.0952,-0.3587,-0.0062,-0.0174,-2.42
146,paper_taxa,-0.1717,-0.1593,-1.0629,-1.3615,-1.1556,0.005,0.085828,0.121756,0.001996,0.001996,0.001996,0.976048,-0.895,-0.0249,-0.367,-0.0088,-0.0376,0.015
147,paper_taxa,-0.107,-0.0389,-1.1285,-1.3988,-1.0839,-0.6578,0.259481,0.686627,0.001996,0.001996,0.001996,0.001996,-0.555,-0.0061,-0.3861,-0.0102,-0.0357,-1.92
148,paper_taxa,0.4312,0.3075,-0.2926,-0.9077,-0.263,-0.2266,0.001996,0.001996,0.007984,0.001996,0.017964,0.0499,2.23,0.0508,-0.1007,-0.0062,-0.0083,-0.625
149,paper_taxa,0.8204,0.8081,0.1467,-0.6538,-0.5629,0.2405,0.001996,0.001996,0.145709,0.001996,0.001996,0.01996,4.505,0.1394,0.0514,-0.0049,-0.0179,0.745
150,paper_taxa,0.2836,0.4606,-0.4845,-0.9666,-1.0964,-0.0643,0.001996,0.001996,0.001996,0.001996,0.001996,0.512974,1.48,0.0764,-0.16,-0.0066,-0.0394,-0.185
151,paper_taxa,-1.0356,-0.892,-1.8177,-1.4061,-1.2673,-0.6066,0.001996,0.001996,0.001996,0.001996,0.001996,0.001996,-5.405,-0.1378,-0.6119,-0.009,-0.0406,-1.775
152,paper_taxa,-0.4257,-0.306,-0.796,-0.6834,-0.5542,0.1693,0.001996,0.001996,0.001996,0.001996,0.001996,0.065868,-2.48,-0.0529,-0.2976,-0.0049,-0.0185,0.54
153,paper_taxa,0.0581,0.0655,-0.5233,-0.8616,-0.6657,-0.3609,0.560878,0.518962,0.001996,0.001996,0.001996,0.001996,0.325,0.0116,-0.1873,-0.0057,-0.0213,-1.115
154,paper_taxa,-1.406,-1.4142,-1.9644,-1.3092,-0.8722,-1.1988,0.001996,0.001996,0.001996,0.001996,0.001996,0.001996,-7.915,-0.2207,-0.7705,-0.0093,-0.0281,-3.885
155,paper_taxa,0.8492,0.9083,0.0517,-0.9146,-0.798,0.3084,0.001996,0.001996,0.586826,0.001996,0.001996,0.005988,4.745,0.1638,0.0182,-0.0065,-0.0272,0.925
156,paper_taxa,-1.5861,-1.4585,-1.9395,-0.8877,-0.7881,-0.4784,0.001996,0.001996,0.001996,0.001996,0.001996,0.001996,-8.695,-0.2364,-0.6639,-0.0058,-0.0218,-1.45
157,paper_taxa,0.1768,0.164,-0.9186,-1.3929,-1.1165,0.0557,0.053892,0.107784,0.001996,0.001996,0.001996,0.608782,0.92,0.0264,-0.3161,-0.0099,-0.0346,0.165
158,paper_taxa,0.668,0.7877,0.3154,-0.2409,-0.3531,0.5643,0.001996,0.001996,0.001996,0.031936,0.001996,0.001996,3.62,0.1314,0.1117,-0.0017,-0.0109,1.725
159,paper_taxa,-0.834,-0.6872,-1.4427,-1.0065,-0.921,-0.5799,0.001996,0.001996,0.001996,0.001996,0.001996,0.001996,-4.425,-0.1058,-0.4784,-0.0067,-0.0298,-1.615
160,paper_taxa,0.7756,0.9643,-0.12,-1.006,-1.1504,0.4917,0.001996,0.001996,0.241517,0.001996,0.001996,0.001996,4.11,0.1615,-0.0414,-0.0071,-0.0372,1.42
161,paper_taxa,0.3428,0.5312,-0.7791,-1.4417,-1.3244,-0.58,0.001996,0.001996,0.001996,0.001996,0.001996,0.001996,1.68,0.0841,-0.2783,-0.0105,-0.0437,-1.695
162,paper_taxa,-0.9706,-0.9604,-1.3232,-0.8558,-0.645,-0.7808,0.001996,0.001996,0.001996,0.001996,0.001996,0.001996,-5.01,-0.1449,-0.4944,-0.0063,-0.0225,-2.365
163,paper_taxa,0.426,0.4622,-0.2558,-0.7528,-0.6553,-0.0915,0.001996,0.001996,0.011976,0.001996,0.001996,0.357285,2.21,0.0728,-0.0893,-0.0055,-0.0209,-0.28
164,paper_taxa,0.4921,0.4969,-0.7196,-1.5067,-0.9583,-0.3967,0.001996,0.001996,0.001996,0.001996,0.001996,0.001996,2.63,0.0786,-0.2432,-0.0104,-0.0308,-1.16
165,paper_taxa,-0.2312,-0.3044,-0.8286,-0.8727,-0.6411,0.5669,0.023952,0.001996,0.001996,0.001996,0.001996,0.001996,-1.235,-0.0474,-0.2993,-0.0064,-0.0202,1.62
166,paper_taxa,-1.904,-1.6696,-2.3548,-1.2893,-1.1754,-1.5461,0.001996,0.001996,0.001996,0.001996,0.001996,0.001996,-9.84,-0.2727,-0.841,-0.0089,-0.0356,-4.8
167,paper_taxa,-0.6024,-0.5842,-1.4261,-1.2515,-0.9949,-0.293,0.001996,0.001996,0.001996,0.001996,0.001996,0.005988,-3.18,-0.0889,-0.4823,-0.0086,-0.0316,-0.87
168,paper_taxa,0.0749,0.1698,-0.7121,-1.0448,-0.9956,-0.1042,0.42515,0.073852,0.001996,0.001996,0.001996,0.331337,0.385,0.0296,-0.2509,-0.0078,-0.0347,-0.305
169,paper_taxa,-0.0618,-0.0642,-1.1824,-1.5681,-0.8618,-1.0133,0.556886,0.540918,0.001996,0.001996,0.001996,0.001996,-0.315,-0.0104,-0.4131,-0.0111,-0.0257,-3.185
170,paper_taxa,-1.2071,-1.1418,-1.6778,-0.9477,-0.8013,-0.6732,0.001996,0.001996,0.001996,0.001996,0.001996,0.001996,-6.31,-0.1763,-0.5466,-0.006,-0.0266,-2.015
171,paper_taxa,-1.4919,-1.4137,-2.4417,-1.3355,-0.8659,-1.805,0.001996,0.001996,0.001996,0.001996,0.001996,0.001996,-8.075,-0.2184,-0.749,-0.009,-0.0282,-5.725
172,paper_taxa,-0.741,-0.7345,-1.5859,-1.346,-0.8219,-0.6626,0.001996,0.001996,0.001996,0.001996,0.001996,0.001996,-3.85,-0.1114,-0.5559,-0.0094,-0.0275,-2.095
173,paper_taxa,0.589,0.6882,-0.5242,-1.3462,-1.1954,-0.0276,0.001996,0.001996,0.001996,0.001996,0.001996,0.802395,3.08,0.1146,-0.1853,-0.0099,-0.0388,-0.085
174,paper_taxa,-1.0353,-1.0756,-1.3747,-0.8931,-0.6958,-0.5901,0.001996,0.001996,0.001996,0.001996,0.001996,0.001996,-5.57,-0.1757,-0.5076,-0.0061,-0.0215,-1.765
175,paper_taxa,0.1421,0.4112,-0.4667,-0.7844,-1.3404,0.6653,0.193613,0.001996,0.001996,0.001996,0.001996,0.001996,0.745,0.0676,-0.1651,-0.0056,-0.0466,2.05
176,paper_taxa,-0.3774,-0.417,-0.6507,-0.5094,-0.3169,-0.0849,0.001996,0.001996,0.001996,0.001996,0.001996,0.37525,-1.955,-0.0631,-0.2171,-0.0033,-0.0097,-0.255
177,paper_taxa,-0.2514,-0.2285,-0.6716,-0.6208,-0.4761,0.368,0.00998,0.025948,0.001996,0.001996,0.001996,0.001996,-1.28,-0.0354,-0.227,-0.0043,-0.0154,1.09
178,paper_taxa,-0.2534,-0.2559,-0.6989,-0.678,-0.3729,-0.1991,0.007984,0.013972,0.001996,0.001996,0.001996,0.063872,-1.325,-0.0402,-0.2412,-0.0048,-0.0121,-0.62
179,paper_taxa,-0.4346,-0.4396,-1.0285,-0.9199,-0.6263,-0.4585,0.001996,0.001996,0.001996,0.001996,0.001996,0.001996,-2.275,-0.0679,-0.3426,-0.0061,-0.02,-1.435
180,paper_taxa,0.14,0.2126,-0.559,-0.862,-0.8876,0.0968,0.145709,0.037924,0.001996,0.001996,0.001996,0.303393,0.725,0.034,-0.1862,-0.0062,-0.0296,0.285
181,paper_taxa,-0.1074,-0.0844,-0.458,-0.4767,-0.231,-0.2306,0.291417,0.433134,0.001996,0.001996,0.023952,0.021956,-0.6,-0.0142,-0.1634,-0.0034,-0.0077,-0.665
182,paper_taxa,0.1545,0.1245,-0.5076,-0.8548,-0.4344,-0.5897,0.143713,0.219561,0.001996,0.001996,0.001996,0.001996,0.825,0.0211,-0.184,-0.0063,-0.014,-1.915
183,paper_taxa,-0.1507,-0.105,-0.4833,-0.536,-0.4522,0.3298,0.10978,0.315369,0.001996,0.001996,0.001996,0.005988,-0.805,-0.0178,-0.1795,-0.0037,-0.0158,1.015
184,paper_taxa,-0.8603,-0.6927,-1.3223,-0.9396,-1.1928,-0.4758,0.001996,0.001996,0.001996,0.001996,0.001996,0.001996,-5.04,-0.1163,-0.4902,-0.0061,-0.0407,-1.55
185,paper_taxa,1.1321,1.1171,0.3866,-0.686,-0.6821,1.1139,0.001996,0.001996,0.001996,0.001996,0.001996,0.001996,5.91,0.1842,0.1303,-0.0047,-0.0252,3.24
186,paper_taxa,0.7095,0.8155,-0.1097,-0.9501,-0.924,0.6012,0.001996,0.001996,0.245509,0.001996,0.001996,0.001996,3.735,0.1352,-0.0378,-0.0065,-0.0312,1.78
187,paper_taxa,0.5568,0.6321,0.173,-0.3782,-0.7601,0.89,0.001996,0.001996,0.077844,0.001996,0.001996,0.001996,2.99,0.1117,0.0598,-0.0025,-0.025,2.715
188,paper_taxa,0.8907,0.8479,-0.3305,-1.3299,-1.0277,0.4451,0.001996,0.001996,0.001996,0.001996,0.001996,0.001996,4.67,0.1384,-0.1146,-0.01,-0.0322,1.365
189,paper_taxa,-0.1642,-0.2125,-0.7976,-0.9444,-0.4993,-0.4137,0.093812,0.035928,0.001996,0.001996,0.001996,0.001996,-0.875,-0.0348,-0.2777,-0.0065,-0.0146,-1.325
190,paper_taxa,-0.1058,-0.0346,-1.2526,-1.5748,-1.222,-0.3496,0.291417,0.724551,0.001996,0.001996,0.001996,0.001996,-0.57,-0.0056,-0.4444,-0.0114,-0.0415,-1.125
191,paper_taxa,-0.8173,-0.7766,-1.0962,-0.6734,-0.7763,-0.0741,0.001996,0.001996,0.001996,0.001996,0.001996,0.477046,-4.43,-0.1244,-0.4013,-0.0046,-0.0256,-0.235
192,paper_taxa,-1.6052,-1.5674,-2.0453,-1.143,-0.6832,-1.4108,0.001996,0.001996,0.001996,0.001996,0.001996,0.001996,-8.865,-0.2613,-0.7386,-0.0078,-0.0215,-4.765
193,paper_taxa,-0.0425,0.0985,-0.6149,-0.8148,-1.0569,0.2306,0.676647,0.327345,0.001996,0.001996,0.001996,0.02994,-0.25,0.017,-0.2393,-0.0059,-0.0372,0.725
194,paper_taxa,-1.3591,-1.2498,-2.0921,-1.3773,-1.2254,-1.1555,0.001996,0.001996,0.001996,0.001996,0.001996,0.001996,-7.365,-0.1971,-0.7753,-0.0098,-0.044,-3.735
195,paper_taxa,-1.0935,-0.9578,-1.4737,-0.97,-0.696,-1.2869,0.001996,0.001996,0.001996,0.001996,0.001996,0.001996,-6.71,-0.1706,-0.5906,-0.0067,-0.0225,-4.35
196,paper_taxa,-1.241,-1.0318,-2.4043,-1.7001,-1.5053,-0.8999,0.001996,0.001996,0.001996,0.001996,0.001996,0.001996,-6.835,-0.1669,-0.8086,-0.0117,-0.0492,-2.865
197,paper_taxa,-1.3515,-1.2479,-1.777,-1.1279,-0.9894,-0.8866,0.001996,0.001996,0.001996,0.001996,0.001996,0.001996,-6.725,-0.1912,-0.6352,-0.0079,-0.0316,-2.705
198,paper_taxa,0.8177,0.792,0.504,-0.1392,-0.3416,0.7725,0.001996,0.001996,0.001996,0.143713,0.001996,0.001996,4.19,0.1297,0.1687,-0.0009,-0.0111,2.245
199,paper_taxa,0.3836,0.419,-0.4235,-0.9458,-0.5855,-0.0388,0.001996,0.001996,0.001996,0.001996,0.001996,0.722555,1.95,0.0648,-0.15,-0.0069,-0.0179,-0.11
-1,detect_taxa,0.7987,0.7264,-0.148,-1.1546,-0.6683,-0.0924,0.001996,0.001996,0.157685,0.001996,0.001996,0.357285,6.51,0.0991,-0.0848,-0.0064,-0.0189,-0.44
0,detect_taxa,0.1498,0.1224,-0.243,-0.5625,-0.3712,0.1122,0.095808,0.197605,0.011976,0.001996,0.001996,0.271457,1.23,0.0165,-0.1311,-0.0028,-0.0096,0.545
1,detect_taxa,-0.6059,-0.5754,-1.2434,-1.1595,-0.6233,-0.7568,0.001996,0.001996,0.001996,0.001996,0.001996,0.001996,-4.95,-0.0753,-0.6638,-0.0058,-0.0164,-3.58
2,detect_taxa,0.0844,0.1224,-0.7645,-1.1536,-0.932,-0.0803,0.439122,0.229541,0.001996,0.001996,0.001996,0.421158,0.665,0.0152,-0.4089,-0.0065,-0.0271,-0.385
3,detect_taxa,2.4058,2.4119,1.409,-0.7631,-1.0385,2.122,0.001996,0.001996,0.001996,0.001996,0.001996,0.001996,18.61,0.3454,0.709,-0.004,-0.0308,9.835
4,detect_taxa,-0.2344,-0.0521,-0.8159,-1.0256,-1.4251,0.2819,0.021956,0.562874,0.001996,0.001996,0.001996,0.011976,-1.9,-0.0068,-0.4335,-0.0049,-0.0417,1.31
5,detect_taxa,0.4027,0.4953,-0.4418,-1.2152,-1.0666,0.0473,0.001996,0.001996,0.001996,0.001996,0.001996,0.602794,3.39,0.0654,-0.2293,-0.0063,-0.0324,0.25
6,detect_taxa,0.4591,0.59,-0.2321,-0.8932,-1.2404,0.7466,0.001996,0.001996,0.01996,0.001996,0.001996,0.001996,3.51,0.0754,-0.1206,-0.0046,-0.0346,3.395
7,detect_taxa,-0.1359,-0.083,-0.7389,-0.9701,-0.7938,-0.1325,0.183633,0.43513,0.001996,0.001996,0.001996,0.183633,-1.145,-0.0109,-0.3993,-0.005,-0.0216,-0.67
8,detect_taxa,-0.565,-0.3866,-0.8854,-0.6353,-1.0241,0.303,0.001996,0.001996,0.001996,0.001996,0.001996,0.001996,-4.73,-0.0516,-0.4707,-0.0033,-0.0273,1.445
9,detect_taxa,0.8982,0.883,0.0819,-0.908,-0.8297,0.6694,0.001996,0.001996,0.403194,0.001996,0.001996,0.001996,6.975,0.1183,0.0427,-0.0048,-0.0246,3.455
10,detect_taxa,0.855,0.835,0.104,-0.9632,-0.5649,0.186,0.001996,0.001996,0.289421,0.001996,0.001996,0.063872,7.04,0.1165,0.0529,-0.0048,-0.0162,0.915
11,detect_taxa,1.1349,1.317,0.3638,-0.8562,-1.1958,1.2651,0.001996,0.001996,0.001996,0.001996,0.001996,0.001996,9.54,0.1841,0.1961,-0.0045,-0.0299,6.055
12,detect_taxa,-0.0387,0.1129,-0.1391,-0.1582,-0.8027,0.695,0.730539,0.279441,0.167665,0.11976,0.001996,0.001996,-0.325,0.0154,-0.0715,-0.0008,-0.0224,3.305
13,detect_taxa,0.8977,0.8733,0.0154,-0.9883,-0.6292,-0.0228,0.001996,0.001996,0.866267,0.001996,0.001996,0.834331,6.815,0.1118,0.0079,-0.0053,-0.0181,-0.11
14,detect_taxa,-0.5212,-0.3891,-1.4651,-1.4558,-0.9881,-0.5868,0.001996,0.001996,0.001996,0.001996,0.001996,0.001996,-3.92,-0.0487,-0.7014,-0.0072,-0.0267,-2.85
15,detect_taxa,0.8713,0.9616,0.3077,-0.6086,-0.7562,0.9688,0.001996,0.001996,0.001996,0.001996,0.001996,0.001996,6.87,0.1277,0.1554,-0.0031,-0.0215,4.735
16,detect_taxa,0.8798,0.9945,0.2147,-0.794,-1.0476,1.4277,0.001996,0.001996,0.035928,0.001996,0.001996,0.001996,7.09,0.1325,0.1084,-0.004,-0.0307,6.42
17,detect_taxa,0.7637,0.791,0.2114,-0.5533,-0.4254,0.6774,0.001996,0.001996,0.025948,0.001996,0.001996,0.001996,5.99,0.1105,0.1099,-0.0029,-0.0131,3.37
18,detect_taxa,0.7051,0.6491,0.1983,-0.4709,-0.2285,0.6023,0.001996,0.001996,0.045908,0.001996,0.043912,0.001996,5.57,0.0856,0.1075,-0.0025,-0.0061,3.0
19,detect_taxa,0.7692,0.7821,0.3499,-0.3777,-0.4098,0.95,0.001996,0.001996,0.001996,0.001996,0.001996,0.001996,6.005,0.102,0.1785,-0.0019,-0.0109,4.59
20,detect_taxa,0.993,1.1264,0.1648,-1.0179,-1.1224,0.881,0.001996,0.001996,0.101796,0.001996,0.001996,0.001996,8.105,0.1534,0.0856,-0.0052,-0.0331,4.16
21,detect_taxa,-0.1011,-0.1629,-0.7799,-1.0457,-0.2923,-0.5556,0.295409,0.127745,0.001996,0.001996,0.005988,0.001996,-0.76,-0.0212,-0.389,-0.0053,-0.0081,-2.745
22,detect_taxa,-1.3327,-1.2793,-1.9043,-1.1743,-0.7795,-0.8997,0.001996,0.001996,0.001996,0.001996,0.001996,0.001996,-10.75,-0.1588,-0.958,-0.0056,-0.0221,-4.255
23,detect_taxa,-0.1107,-0.0103,-0.8947,-1.2292,-1.087,-0.2663,0.269461,0.942116,0.001996,0.001996,0.001996,0.013972,-0.86,-0.0013,-0.4713,-0.0064,-0.0321,-1.245
24,detect_taxa,-0.4541,-0.3222,-1.0417,-1.0309,-0.6379,-0.4157,0.001996,0.003992,0.001996,0.001996,0.001996,0.001996,-3.565,-0.0415,-0.5387,-0.0051,-0.0167,-2.02
25,detect_taxa,2.4025,2.3783,1.4603,-0.5919,-0.3778,1.2109,0.001996,0.001996,0.001996,0.001996,0.001996,0.001996,19.085,0.3373,0.7664,-0.0034,-0.011,6.03
26,detect_taxa,-1.0133,-0.9141,-1.5184,-1.1727,-0.9235,-0.5958,0.001996,0.001996,0.001996,0.001996,0.001996,0.001996,-8.305,-0.1218,-0.8592,-0.006,-0.0256,-3.23
27,detect_taxa,0.8146,0.8949,0.1691,-0.763,-0.9958,1.0634,0.001996,0.001996,0.091816,0.001996,0.001996,0.001996,6.39,0.1182,0.0815,-0.0039,-0.0289,4.8
28,detect_taxa,1.2685,1.3174,0.2283,-1.1818,-1.1201,0.8123,0.001996,0.001996,0.013972,0.001996,0.001996,0.001996,9.56,0.1722,0.1137,-0.0061,-0.0316,3.755
29,detect_taxa,-0.1356,-0.1935,-1.0766,-1.3915,-0.8662,-0.7467,0.161677,0.053892,0.001996,0.001996,0.001996,0.001996,-1.05,-0.0229,-0.5449,-0.0071,-0.0222,-3.395
30,detect_taxa,-0.5689,-0.4622,-1.118,-1.0516,-1.0189,0.0922,0.001996,0.001996,0.001996,0.001996,0.001996,0.341317,-4.745,-0.062,-0.5738,-0.005,-0.0275,0.46
31,detect_taxa,0.1438,0.1968,-0.8486,-1.4779,-1.5272,-0.1538,0.161677,0.051896,0.001996,0.001996,0.001996,0.145709,1.18,0.0274,-0.4527,-0.0078,-0.0435,-0.805
32,detect_taxa,-0.1457,-0.0554,-0.9032,-1.1597,-0.8438,-0.2975,0.145709,0.558882,0.001996,0.001996,0.001996,0.001996,-1.175,-0.0075,-0.4678,-0.006,-0.0244,-1.505
33,detect_taxa,-0.788,-0.6506,-1.0904,-0.6467,-0.9268,-0.0593,0.001996,0.001996,0.001996,0.001996,0.001996,0.55489,-6.495,-0.086,-0.5733,-0.0034,-0.0275,-0.3
34,detect_taxa,1.3747,1.5863,0.1561,-1.3573,-1.5911,0.9488,0.001996,0.001996,0.11976,0.001996,0.001996,0.001996,10.08,0.1893,0.0754,-0.0071,-0.0462,4.38
35,detect_taxa,-0.4315,-0.3905,-0.9106,-0.82,-0.6869,-0.0086,0.001996,0.001996,0.001996,0.001996,0.001996,0.928144,-3.47,-0.0509,-0.4579,-0.0041,-0.0187,-0.045
36,detect_taxa,0.8739,0.961,0.1952,-0.8398,-1.0808,0.8385,0.001996,0.001996,0.06986,0.001996,0.001996,0.001996,7.55,0.1394,0.1048,-0.0043,-0.0313,4.06
37,detect_taxa,-1.6772,-1.6,-2.0785,-1.1478,-0.9087,-1.0939,0.001996,0.001996,0.001996,0.001996,0.001996,0.001996,-14.405,-0.2171,-1.1024,-0.0053,-0.0251,-5.65
38,detect_taxa,-0.5532,-0.3941,-0.8763,-0.7199,-0.7834,-0.1934,0.001996,0.001996,0.001996,0.001996,0.001996,0.073852,-4.335,-0.05,-0.4732,-0.0036,-0.0236,-0.975
39,detect_taxa,0.2161,0.2403,0.2044,0.111,-0.3824,1.107,0.045908,0.027944,0.0499,0.279441,0.001996,0.001996,1.745,0.0326,0.1136,0.0006,-0.0103,5.59
40,detect_taxa,0.0839,0.1696,-0.6033,-0.9883,-0.8642,0.0974,0.403194,0.077844,0.001996,0.001996,0.001996,0.325349,0.665,0.0217,-0.3115,-0.0051,-0.0237,0.485
41,detect_taxa,-0.5067,-0.4871,-1.1176,-1.0431,-1.0058,-0.238,0.001996,0.001996,0.001996,0.001996,0.001996,0.021956,-4.02,-0.0628,-0.554,-0.0052,-0.0295,-1.19
42,detect_taxa,-0.3981,-0.4169,-0.4683,-0.2326,-0.3744,0.197,0.001996,0.001996,0.001996,0.01996,0.001996,0.0499,-3.435,-0.0575,-0.2571,-0.0012,-0.0099,1.04
43,detect_taxa,0.3417,0.4311,-0.4441,-1.0754,-1.0376,0.1798,0.005988,0.001996,0.001996,0.001996,0.001996,0.093812,2.605,0.0538,-0.2176,-0.0053,-0.0267,0.86
44,detect_taxa,2.8491,2.9034,1.8541,-0.5539,-0.787,2.0492,0.001996,0.001996,0.001996,0.001996,0.001996,0.001996,22.37,0.4228,0.9473,-0.0033,-0.0235,9.36
45,detect_taxa,-0.0925,-0.0145,-0.9174,-1.2937,-1.1813,-0.3695,0.413174,0.884232,0.001996,0.001996,0.001996,0.001996,-0.815,-0.0021,-0.5026,-0.007,-0.0305,-1.93
46,detect_taxa,0.3875,0.399,-0.323,-0.9529,-0.6121,0.0409,0.003992,0.001996,0.003992,0.001996,0.001996,0.696607,3.08,0.0526,-0.1656,-0.0049,-0.0179,0.2
47,detect_taxa,0.3121,0.4147,0.118,-0.1898,-0.6666,0.9099,0.001996,0.001996,0.289421,0.06986,0.001996,0.001996,2.48,0.0568,0.0607,-0.001,-0.0182,4.63
48,detect_taxa,-0.7186,-0.7143,-1.3318,-1.1734,-0.7078,-0.7103,0.001996,0.001996,0.001996,0.001996,0.001996,0.001996,-5.87,-0.0955,-0.6873,-0.0057,-0.0185,-3.555
49,detect_taxa,-0.4036,-0.4944,-0.9279,-0.9521,-0.1944,-0.882,0.003992,0.001996,0.001996,0.001996,0.061876,0.001996,-3.215,-0.0616,-0.5019,-0.0048,-0.005,-4.525
50,detect_taxa,0.7724,0.822,-0.0271,-0.8754,-0.8425,0.4917,0.001996,0.001996,0.810379,0.001996,0.001996,0.001996,5.995,0.1076,-0.0144,-0.005,-0.0225,2.4
51,detect_taxa,0.6172,0.7798,0.1023,-0.6139,-0.9828,1.2476,0.001996,0.001996,0.311377,0.001996,0.001996,0.001996,4.835,0.0988,0.0466,-0.0031,-0.0286,5.26
52,detect_taxa,1.0635,1.1047,0.229,-0.9651,-0.7092,0.8934,0.001996,0.001996,0.023952,0.001996,0.001996,0.001996,8.53,0.1464,0.1185,-0.005,-0.0189,4.175
53,detect_taxa,-0.3931,-0.3521,-1.26,-1.3842,-1.067,-0.491,0.001996,0.001996,0.001996,0.001996,0.001996,0.001996,-2.945,-0.0437,-0.6109,-0.0069,-0.0291,-2.295
54,detect_taxa,1.4579,1.4359,0.6988,-0.6847,-0.4988,0.8995,0.001996,0.001996,0.001996,0.001996,0.001996,0.001996,11.8,0.2014,0.3703,-0.0035,-0.0132,4.51
55,detect_taxa,0.7351,0.7983,0.0345,-0.8286,-0.6155,0.1398,0.001996,0.001996,0.754491,0.001996,0.001996,0.187625,5.695,0.1052,0.018,-0.0043,-0.0168,0.69
56,detect_taxa,0.9239,1.0838,0.2551,-0.7017,-1.1022,1.1162,0.001996,0.001996,0.011976,0.001996,0.001996,0.001996,7.295,0.1438,0.1356,-0.0037,-0.0334,5.365
57,detect_taxa,0.6824,0.7775,0.0285,-0.7528,-1.1992,1.0872,0.001996,0.001996,0.746507,0.001996,0.001996,0.001996,5.245,0.0994,0.0147,-0.0039,-0.0358,4.83
58,detect_taxa,-0.9324,-0.7681,-1.0639,-0.5127,-0.8084,0.0041,0.001996,0.001996,0.001996,0.001996,0.001996,0.972056,-7.33,-0.0981,-0.5545,-0.0027,-0.0236,0.02
59,detect_taxa,-1.5354,-1.4146,-1.7996,-0.871,-0.7342,-0.8029,0.001996,0.001996,0.001996,0.001996,0.001996,0.001996,-12.425,-0.1899,-0.9454,-0.0044,-0.022,-3.925
60,detect_taxa,1.6779,1.7583,0.8919,-0.5301,-0.6069,1.4118,0.001996,0.001996,0.001996,0.001996,0.001996,0.001996,13.24,0.2396,0.4838,-0.0031,-0.0175,6.705
61,detect_taxa,-0.0921,0.1141,-0.6726,-0.9064,-1.2082,0.6987,0.41517,0.245509,0.001996,0.001996,0.001996,0.001996,-0.68,0.0147,-0.3339,-0.0045,-0.0365,3.32
62,detect_taxa,1.5102,1.5155,0.7216,-0.5256,-0.4896,1.1419,0.001996,0.001996,0.001996,0.001996,0.001996,0.001996,12.015,0.2083,0.4135,-0.0029,-0.0145,5.99
63,detect_taxa,1.0736,1.1792,0.614,-0.363,-0.6753,1.2413,0.001996,0.001996,0.001996,0.001996,0.001996,0.001996,8.435,0.1553,0.3116,-0.0018,-0.0187,5.92
64,detect_taxa,1.5057,1.5462,0.6072,-0.9619,-0.9845,0.9008,0.001996,0.001996,0.001996,0.001996,0.001996,0.001996,11.65,0.1993,0.2908,-0.005,-0.0285,4.21
65,detect_taxa,1.6155,1.6795,0.7489,-0.7508,-1.0728,1.6721,0.001996,0.001996,0.001996,0.001996,0.001996,0.001996,13.22,0.2404,0.4161,-0.004,-0.0325,7.81
66,detect_taxa,1.6809,1.6699,0.8486,-0.5481,-0.443,1.1402,0.001996,0.001996,0.001996,0.001996,0.001996,0.001996,12.415,0.2084,0.4415,-0.003,-0.0121,6.09
67,detect_taxa,0.8933,1.0898,-0.0491,-1.1541,-1.1654,0.6122,0.001996,0.001996,0.598802,0.001996,0.001996,0.001996,6.865,0.1412,-0.0245,-0.006,-0.032,2.945
68,detect_taxa,0.1677,0.3065,-0.5501,-1.0004,-1.4323,0.9805,0.10978,0.003992,0.001996,0.001996,0.001996,0.001996,1.31,0.0404,-0.2836,-0.0052,-0.0432,4.735
69,detect_taxa,0.963,0.9549,0.6283,-0.2125,-0.216,0.7168,0.001996,0.001996,0.001996,0.025948,0.045908,0.001996,7.95,0.1331,0.323,-0.001,-0.0059,3.395
70,detect_taxa,0.6774,0.7751,0.2215,-0.4378,-0.7328,1.0869,0.001996,0.001996,0.023952,0.001996,0.001996,0.001996,5.26,0.1013,0.1184,-0.0024,-0.0227,5.34
71,detect_taxa,0.9054,0.9835,0.2522,-0.7129,-0.7416,0.6691,0.001996,0.001996,0.00998,0.001996,0.001996,0.001996,7.205,0.1349,0.1299,-0.0037,-0.0209,3.195
72,detect_taxa,1.7573,2.0368,0.6041,-1.1823,-1.5972,1.4597,0.001996,0.001996,0.001996,0.001996,0.001996,0.001996,13.365,0.2572,0.2914,-0.0065,-0.0477,6.535
73,detect_taxa,1.3222,1.3557,0.4326,-0.8713,-0.885,1.0946,0.001996,0.001996,0.001996,0.001996,0.001996,0.001996,10.145,0.1733,0.2212,-0.0048,-0.0259,5.195
74,detect_taxa,1.3648,1.3175,0.4612,-0.8706,-0.4329,0.2938,0.001996,0.001996,0.001996,0.001996,0.001996,0.003992,10.515,0.1804,0.2425,-0.0048,-0.0123,1.44
75,detect_taxa,-1.0313,-0.9346,-1.9264,-1.6681,-1.0537,-0.8877,0.001996,0.001996,0.001996,0.001996,0.001996,0.001996,-8.29,-0.1188,-0.9811,-0.0078,-0.0296,-4.4
76,detect_taxa,0.7816,0.8971,0.3212,-0.4601,-1.1588,1.5716,0.001996,0.001996,0.001996,0.001996,0.001996,0.001996,6.175,0.1217,0.1637,-0.0023,-0.0348,7.62
77,detect_taxa,1.4329,1.475,1.1751,0.1194,-0.3235,1.5891,0.001996,0.001996,0.001996,0.245509,0.007984,0.001996,11.66,0.2156,0.6266,0.0006,-0.0085,7.595
78,detect_taxa,0.4004,0.4152,0.0134,-0.4765,-0.603,1.1422,0.001996,0.001996,0.902196,0.001996,0.001996,0.001996,3.195,0.0554,0.0069,-0.0023,-0.0174,5.18
79,detect_taxa,-0.5022,-0.4229,-0.8533,-0.6884,-0.7669,-0.2004,0.001996,0.001996,0.001996,0.001996,0.001996,0.057884,-3.92,-0.0538,-0.4366,-0.0034,-0.0209,-0.985
80,detect_taxa,1.0083,0.9826,0.4331,-0.5252,-0.4243,0.6396,0.001996,0.001996,0.001996,0.001996,0.001996,0.001996,8.045,0.1344,0.2353,-0.0026,-0.0119,3.31
81,detect_taxa,-0.3026,-0.2374,-0.9149,-0.9842,-0.9666,0.2757,0.005988,0.025948,0.001996,0.001996,0.001996,0.003992,-2.3,-0.0292,-0.4875,-0.0054,-0.0286,1.325
82,detect_taxa,0.0731,0.1567,-0.4145,-0.7689,-0.8353,0.4546,0.451098,0.117764,0.001996,0.001996,0.001996,0.001996,0.58,0.021,-0.2089,-0.0038,-0.0239,2.1
83,detect_taxa,-1.0799,-0.9803,-1.7657,-1.3851,-0.7134,-1.2304,0.001996,0.001996,0.001996,0.001996,0.001996,0.001996,-9.19,-0.1284,-0.9377,-0.0066,-0.0182,-6.11
84,detect_taxa,0.6512,0.6711,0.0164,-0.7378,-0.9355,1.6706,0.001996,0.001996,0.850299,0.001996,0.001996,0.001996,5.145,0.0918,0.0085,-0.004,-0.0267,7.655
85,detect_taxa,0.9996,1.0764,0.4627,-0.5183,-0.7377,1.1244,0.001996,0.001996,0.001996,0.001996,0.001996,0.001996,8.0,0.1463,0.2381,-0.0026,-0.0204,5.34
86,detect_taxa,-0.2245,-0.1663,-0.4502,-0.4518,-0.4441,-0.1469,0.025948,0.095808,0.001996,0.001996,0.001996,0.123752,-1.745,-0.0214,-0.2396,-0.0023,-0.0124,-0.735
87,detect_taxa,0.3231,0.3225,-0.5951,-1.3417,-0.9307,-0.1132,0.001996,0.003992,0.001996,0.001996,0.001996,0.267465,2.44,0.0414,-0.2971,-0.0065,-0.0241,-0.555
88,detect_taxa,1.177,1.2918,0.4096,-0.7078,-0.7336,1.1074,0.001996,0.001996,0.001996,0.001996,0.001996,0.001996,9.7,0.175,0.2226,-0.004,-0.0211,5.43
89,detect_taxa,0.2896,0.3207,0.0253,-0.3641,-0.3533,0.6908,0.003992,0.003992,0.796407,0.001996,0.001996,0.001996,2.34,0.0437,0.0135,-0.0017,-0.0096,3.26
90,detect_taxa,-0.013,-0.0217,-0.3519,-0.5347,-0.401,-0.1627,0.92016,0.826347,0.001996,0.001996,0.003992,0.0998,-0.1,-0.0028,-0.1806,-0.0027,-0.0104,-0.805
91,detect_taxa,0.8882,0.9491,-0.179,-1.3098,-1.1011,0.5673,0.001996,0.001996,0.095808,0.001996,0.001996,0.001996,6.675,0.1266,-0.0887,-0.0067,-0.0312,2.705
92,detect_taxa,0.5039,0.5116,-0.1998,-0.8899,-0.5967,-0.1101,0.001996,0.001996,0.053892,0.001996,0.001996,0.291417,3.89,0.0633,-0.0978,-0.0045,-0.0158,-0.465
93,detect_taxa,0.7965,0.8287,0.2703,-0.5665,-0.7163,1.4288,0.001996,0.001996,0.005988,0.001996,0.001996,0.001996,6.405,0.1106,0.138,-0.0029,-0.0191,7.04
94,detect_taxa,0.9488,1.1452,0.1938,-0.8977,-1.291,1.2185,0.001996,0.001996,0.041916,0.001996,0.001996,0.001996,7.79,0.1553,0.1078,-0.0045,-0.0377,6.39
95,detect_taxa,0.7778,0.827,-0.1197,-1.0284,-0.917,0.9404,0.001996,0.001996,0.217565,0.001996,0.001996,0.001996,5.995,0.1042,-0.0617,-0.0057,-0.0281,4.55
96,detect_taxa,0.4137,0.4234,0.1007,-0.3387,-0.4017,1.0248,0.001996,0.001996,0.321357,0.001996,0.001996,0.001996,3.19,0.0544,0.0503,-0.0016,-0.0104,4.55
97,detect_taxa,-1.397,-1.328,-1.8965,-1.037,-1.0574,-0.9525,0.001996,0.001996,0.001996,0.001996,0.001996,0.001996,-10.83,-0.1683,-0.9205,-0.0053,-0.0308,-4.43
98,detect_taxa,1.7274,1.6833,1.2861,0.024,-0.6234,2.161,0.001996,0.001996,0.001996,0.852295,0.001996,0.001996,13.82,0.2496,0.6917,0.0001,-0.0211,10.01
99,detect_taxa,0.4068,0.3658,-0.6626,-1.4532,-0.6435,-0.3043,0.003992,0.001996,0.001996,0.001996,0.001996,0.005988,3.155,0.0463,-0.3447,-0.0075,-0.0181,-1.455
100,detect_taxa,-1.3573,-1.2445,-1.5377,-0.5745,-0.9844,-0.1273,0.001996,0.001996,0.001996,0.001996,0.001996,0.233533,-10.515,-0.1481,-0.7507,-0.0028,-0.0287,-0.59
101,detect_taxa,-0.3864,-0.3006,-0.9214,-1.0094,-0.9046,-0.4195,0.001996,0.001996,0.001996,0.001996,0.001996,0.003992,-3.07,-0.04,-0.4988,-0.005,-0.0245,-2.15
102,detect_taxa,1.481,1.5311,0.9327,-0.3762,-0.4916,1.2924,0.001996,0.001996,0.001996,0.001996,0.001996,0.001996,12.58,0.2166,0.5109,-0.0019,-0.0138,6.475
103,detect_taxa,0.1258,0.1351,-0.4507,-0.8195,-0.6409,-0.0874,0.229541,0.177645,0.001996,0.001996,0.001996,0.41517,0.985,0.0174,-0.2367,-0.0042,-0.0189,-0.43
104,detect_taxa,0.0963,0.1104,0.0846,0.0285,-0.1798,0.2819,0.417166,0.269461,0.409182,0.762475,0.081836,0.015968,0.79,0.0144,0.0449,0.0001,-0.0053,1.36
105,detect_taxa,-0.2464,-0.1833,-0.693,-0.7832,-0.7321,0.1608,0.015968,0.077844,0.001996,0.001996,0.001996,0.135729,-1.95,-0.0232,-0.3472,-0.0037,-0.0181,0.77
106,detect_taxa,1.8225,1.8879,0.633,-1.0061,-1.0226,1.0247,0.001996,0.001996,0.001996,0.001996,0.001996,0.001996,13.375,0.2419,0.3275,-0.0056,-0.0266,4.995
107,detect_taxa,-0.2637,-0.1954,-0.8578,-0.9674,-0.8316,-0.2519,0.007984,0.051896,0.001996,0.001996,0.001996,0.023952,-2.035,-0.0247,-0.4225,-0.0047,-0.023,-1.23
108,detect_taxa,1.4342,1.6584,0.9093,-0.3272,-0.8345,1.9172,0.001996,0.001996,0.001996,0.001996,0.001996,0.001996,11.06,0.2097,0.459,-0.0017,-0.0244,8.995
109,detect_taxa,-0.9551,-0.8713,-1.4348,-1.0546,-0.8478,-0.6788,0.001996,0.001996,0.001996,0.001996,0.001996,0.001996,-8.025,-0.1115,-0.7723,-0.0051,-0.0224,-3.35
110,detect_taxa,0.6937,0.7517,-0.0404,-0.9519,-0.893,0.4787,0.001996,0.001996,0.712575,0.001996,0.001996,0.001996,5.3,0.0955,-0.0207,-0.0044,-0.0243,2.405
111,detect_taxa,1.6788,1.5898,1.0945,-0.2723,-0.3891,1.5686,0.001996,0.001996,0.001996,0.003992,0.001996,0.001996,14.01,0.2415,0.5985,-0.0014,-0.0113,7.2
112,detect_taxa,-0.8639,-0.7132,-1.0228,-0.53,-0.8487,0.2928,0.001996,0.001996,0.001996,0.001996,0.001996,0.003992,-6.855,-0.091,-0.5579,-0.0028,-0.0247,1.51
113,detect_taxa,0.0823,0.1019,-0.6674,-1.1504,-0.8298,-0.029,0.407186,0.287425,0.001996,0.001996,0.001996,0.792415,0.615,0.0126,-0.3317,-0.0054,-0.0222,-0.14
114,detect_taxa,1.8468,1.8885,1.0479,-0.647,-0.5247,1.1156,0.001996,0.001996,0.001996,0.001996,0.001996,0.001996,14.385,0.2568,0.5283,-0.0035,-0.0143,5.605
115,detect_taxa,0.8835,0.9357,0.2964,-0.6395,-1.0035,1.3661,0.001996,0.001996,0.005988,0.001996,0.001996,0.001996,7.075,0.1289,0.1509,-0.0031,-0.0292,6.255
116,detect_taxa,0.8724,0.8143,-0.376,-1.6919,-0.8517,-0.1108,0.001996,0.001996,0.001996,0.001996,0.001996,0.259481,7.315,0.1109,-0.2073,-0.0092,-0.0241,-0.56
117,detect_taxa,0.4392,0.4406,-0.0244,-0.5938,-0.3909,0.0804,0.001996,0.001996,0.812375,0.001996,0.001996,0.497006,3.505,0.0576,-0.0123,-0.0029,-0.0097,0.405
118,detect_taxa,0.0949,0.1417,-0.4853,-0.9053,-0.8049,0.5076,0.297405,0.125749,0.001996,0.001996,0.001996,0.001996,0.8,0.0204,-0.2531,-0.0045,-0.0236,2.35
119,detect_taxa,1.5706,1.6159,0.5791,-0.9419,-0.7509,0.9171,0.001996,0.001996,0.001996,0.001996,0.001996,0.001996,12.615,0.223,0.312,-0.0051,-0.0212,4.645
120,detect_taxa,1.7406,1.8251,0.7735,-0.8984,-0.7668,1.0076,0.001996,0.001996,0.001996,0.001996,0.001996,0.001996,13.245,0.2299,0.3887,-0.0047,-0.0224,4.68
121,detect_taxa,-0.4346,-0.276,-0.8923,-0.8077,-0.4915,-0.5596,0.001996,0.007984,0.001996,0.001996,0.001996,0.001996,-3.295,-0.0348,-0.4316,-0.0039,-0.013,-2.66
122,detect_taxa,0.3524,0.3841,-0.4171,-1.0812,-0.917,0.3399,0.001996,0.001996,0.001996,0.001996,0.001996,0.003992,2.84,0.0511,-0.2018,-0.0054,-0.0252,1.685
123,detect_taxa,0.9654,1.0478,0.0727,-0.9895,-0.8956,0.6692,0.001996,0.001996,0.479042,0.001996,0.001996,0.001996,8.15,0.1453,0.0402,-0.0057,-0.0246,3.55
124,detect_taxa,0.6209,0.6419,0.071,-0.7243,-0.643,0.7476,0.001996,0.001996,0.48503,0.001996,0.001996,0.001996,5.045,0.0883,0.0368,-0.0035,-0.017,3.625
125,detect_taxa,0.7866,0.8738,-0.0237,-0.9526,-0.9732,0.6256,0.001996,0.001996,0.822355,0.001996,0.001996,0.001996,6.225,0.1157,-0.0121,-0.0051,-0.027,2.885
126,detect_taxa,-1.2341,-1.1667,-1.9635,-1.4885,-1.2629,-0.6036,0.001996,0.001996,0.001996,0.001996,0.001996,0.001996,-9.845,-0.1413,-1.0347,-0.0076,-0.036,-3.065
127,detect_taxa,0.1068,0.2219,-0.2346,-0.4728,-0.9682,1.1462,0.341317,0.021956,0.01996,0.001996,0.001996,0.001996,0.855,0.0283,-0.1261,-0.0025,-0.0286,5.725
128,detect_taxa,0.9515,0.9361,0.3099,-0.659,-0.5934,0.9126,0.001996,0.001996,0.001996,0.001996,0.001996,0.001996,7.975,0.1324,0.1679,-0.0037,-0.0175,4.69
129,detect_taxa,1.3291,1.2675,-0.1428,-1.695,-1.0094,0.0486,0.001996,0.001996,0.183633,0.001996,0.001996,0.670659,9.255,0.147,-0.0667,-0.0085,-0.0267,0.22
130,detect_taxa,-0.5679,-0.4655,-0.7692,-0.5239,-0.731,-0.0955,0.001996,0.001996,0.001996,0.001996,0.001996,0.365269,-4.625,-0.0637,-0.4241,-0.0028,-0.0195,-0.465
131,detect_taxa,-0.7371,-0.7036,-1.2174,-1.04,-0.6827,-0.6364,0.001996,0.001996,0.001996,0.001996,0.001996,0.001996,-5.735,-0.0881,-0.6642,-0.0053,-0.0185,-3.25
132,detect_taxa,0.0532,0.1769,-0.3397,-0.6389,-1.2509,0.9771,0.576846,0.103792,0.001996,0.001996,0.001996,0.001996,0.45,0.0246,-0.1824,-0.0031,-0.0332,4.715
133,detect_taxa,1.5959,1.5609,0.7297,-0.7281,-0.8811,1.3627,0.001996,0.001996,0.001996,0.001996,0.001996,0.001996,12.505,0.2243,0.3929,-0.0038,-0.0249,6.79
134,detect_taxa,-1.0803,-0.9222,-1.3182,-0.7251,-0.792,-0.6118,0.001996,0.001996,0.001996,0.001996,0.001996,0.001996,-8.315,-0.114,-0.677,-0.0036,-0.0226,-2.93
135,detect_taxa,0.3479,0.3762,-0.2867,-0.8643,-0.8782,0.3092,0.001996,0.003992,0.013972,0.001996,0.001996,0.00998,2.715,0.0502,-0.1456,-0.0044,-0.0244,1.475
136,detect_taxa,0.4022,0.469,-0.6503,-1.5272,-1.4059,0.3046,0.001996,0.001996,0.001996,0.001996,0.001996,0.007984,3.165,0.0635,-0.3531,-0.0079,-0.0373,1.475
137,detect_taxa,0.0643,0.1123,-0.573,-0.8942,-0.8332,-0.3114,0.546906,0.315369,0.001996,0.001996,0.001996,0.003992,0.495,0.0141,-0.2918,-0.0047,-0.0211,-1.455
138,detect_taxa,0.1349,0.2723,-0.3287,-0.6911,-0.7673,0.3575,0.173653,0.003992,0.003992,0.001996,0.001996,0.001996,1.055,0.0349,-0.1744,-0.0035,-0.0222,1.755
139,detect_taxa,-0.0249,0.1047,-0.3365,-0.4724,-0.5647,0.0665,0.828343,0.333333,0.001996,0.001996,0.001996,0.528942,-0.2,0.0138,-0.1773,-0.0024,-0.016,0.305
140,detect_taxa,0.5785,0.5821,-0.2545,-1.0963,-0.7424,0.1352,0.001996,0.001996,0.011976,0.001996,0.001996,0.189621,4.805,0.0777,-0.1301,-0.0057,-0.0191,0.695
141,detect_taxa,0.7316,0.7143,0.435,-0.2178,-0.1117,0.5784,0.001996,0.001996,0.001996,0.035928,0.281437,0.001996,6.285,0.1032,0.2434,-0.0011,-0.0029,3.035
142,detect_taxa,-0.4417,-0.2316,-1.0863,-1.0769,-1.4763,-0.2527,0.001996,0.021956,0.001996,0.001996,0.001996,0.013972,-3.39,-0.029,-0.5416,-0.0053,-0.0448,-1.155
143,detect_taxa,0.2218,0.2967,-0.0492,-0.3614,-0.5575,0.6202,0.043912,0.005988,0.648703,0.001996,0.001996,0.001996,1.94,0.0426,-0.0287,-0.0019,-0.0158,3.42
144,detect_taxa,0.5242,0.4739,-0.044,-0.7158,-0.4395,0.1621,0.001996,0.001996,0.652695,0.001996,0.001996,0.103792,4.58,0.0698,-0.0245,-0.0038,-0.0119,0.855
145,detect_taxa,-0.4446,-0.3453,-0.9073,-0.8565,-0.7689,-0.513,0.001996,0.001996,0.001996,0.001996,0.001996,0.001996,-3.52,-0.0459,-0.4799,-0.0043,-0.0225,-2.54
146,detect_taxa,0.6618,0.6816,0.16,-0.5757,-0.5596,0.7762,0.001996,0.001996,0.0998,0.001996,0.001996,0.001996,5.44,0.0922,0.0854,-0.0029,-0.0161,4.055
147,detect_taxa,0.6646,0.6583,-0.2561,-1.1104,-0.9118,0.2998,0.001996,0.001996,0.003992,0.001996,0.001996,0.001996,5.055,0.0799,-0.1335,-0.0061,-0.0249,1.41
148,detect_taxa,0.0156,0.052,-0.4806,-0.7321,-0.2523,-0.3214,0.894212,0.592814,0.001996,0.001996,0.013972,0.001996,0.12,0.0068,-0.2495,-0.0039,-0.0064,-1.59
149,detect_taxa,1.616,1.682,0.7651,-0.7675,-1.0692,1.3394,0.001996,0.001996,0.001996,0.001996,0.001996,0.001996,12.95,0.2382,0.3998,-0.0041,-0.0311,6.4
150,detect_taxa,0.1483,0.2942,-0.357,-0.7293,-0.9207,0.3133,0.139721,0.005988,0.001996,0.001996,0.001996,0.001996,1.18,0.0403,-0.1857,-0.0036,-0.0265,1.52
151,detect_taxa,0.3054,0.3343,-0.3817,-0.9886,-0.9102,0.4301,0.001996,0.005988,0.001996,0.001996,0.001996,0.001996,2.435,0.0434,-0.1973,-0.0049,-0.0259,2.095
152,detect_taxa,1.5941,1.7022,0.9086,-0.5993,-0.7038,1.3575,0.001996,0.001996,0.001996,0.001996,0.001996,0.001996,13.64,0.2392,0.4809,-0.0032,-0.0203,6.745
153,detect_taxa,0.6308,0.695,0.1803,-0.4251,-0.4337,0.4739,0.001996,0.001996,0.06986,0.001996,0.001996,0.001996,5.415,0.1033,0.1031,-0.0024,-0.0133,2.42
154,detect_taxa,-0.5546,-0.5436,-1.1328,-1.1262,-0.8432,-0.8328,0.001996,0.001996,0.001996,0.001996,0.001996,0.001996,-4.325,-0.0704,-0.6211,-0.0057,-0.0222,-4.23
155,detect_taxa,1.1175,1.1131,0.4805,-0.683,-0.3984,0.6516,0.001996,0.001996,0.001996,0.001996,0.003992,0.001996,9.215,0.1554,0.2515,-0.0036,-0.0116,3.035
156,detect_taxa,-0.2985,-0.3376,-1.1052,-1.3047,-1.0194,-0.2756,0.001996,0.003992,0.001996,0.001996,0.001996,0.003992,-2.375,-0.0439,-0.587,-0.0069,-0.0304,-1.325
157,detect_taxa,0.7998,0.7513,-0.4623,-1.7469,-1.1926,0.3928,0.001996,0.001996,0.001996,0.001996,0.001996,0.001996,6.265,0.0966,-0.2374,-0.0085,-0.0311,1.845
158,detect_taxa,1.9146,2.0796,1.198,-0.4659,-0.9123,1.5878,0.001996,0.001996,0.001996,0.001996,0.001996,0.001996,13.96,0.2634,0.5735,-0.0025,-0.03,7.54
159,detect_taxa,-0.0791,0.0637,-0.6537,-0.8871,-0.9341,0.1396,0.43513,0.512974,0.001996,0.001996,0.001996,0.165669,-0.605,0.0078,-0.33,-0.0044,-0.0244,0.66
160,detect_taxa,1.9541,1.9914,0.9559,-0.7961,-1.086,1.3256,0.001996,0.001996,0.001996,0.001996,0.001996,0.001996,15.215,0.268,0.5024,-0.0042,-0.0303,6.63
161,detect_taxa,0.3349,0.4207,-0.6485,-1.2725,-1.1574,0.1962,0.001996,0.001996,0.001996,0.001996,0.001996,0.057884,2.48,0.0517,-0.307,-0.0067,-0.0365,0.855
162,detect_taxa,-0.3998,-0.2751,-0.723,-0.6338,-0.5949,-0.3602,0.001996,0.011976,0.001996,0.001996,0.001996,0.001996,-3.08,-0.0347,-0.3639,-0.0031,-0.0163,-1.675
163,detect_taxa,0.4722,0.4302,-0.0246,-0.5717,-0.4857,0.4107,0.001996,0.001996,0.806387,0.001996,0.001996,0.001996,3.63,0.0564,-0.0129,-0.0031,-0.013,1.865
164,detect_taxa,0.9291,0.9204,-0.2502,-1.3979,-0.8542,0.1083,0.001996,0.001996,0.013972,0.001996,0.001996,0.279441,6.965,0.1116,-0.1246,-0.0074,-0.0238,0.52
165,detect_taxa,0.2725,0.4178,-0.0929,-0.4827,-0.8828,1.501,0.015968,0.001996,0.363273,0.001996,0.001996,0.001996,2.21,0.0549,-0.0471,-0.0024,-0.0246,6.51
166,detect_taxa,-1.2799,-1.2424,-2.0016,-1.2947,-0.9505,-1.2763,0.001996,0.001996,0.001996,0.001996,0.001996,0.001996,-10.31,-0.1604,-0.996,-0.0068,-0.0272,-5.94
167,detect_taxa,-0.7579,-0.6129,-1.2859,-1.0018,-1.2777,-0.2122,0.001996,0.001996,0.001996,0.001996,0.001996,0.053892,-5.88,-0.0744,-0.651,-0.005,-0.0337,-1.005
168,detect_taxa,0.9139,1.0502,0.2373,-0.7146,-0.8511,1.1349,0.001996,0.001996,0.013972,0.001996,0.001996,0.001996,7.235,0.145,0.1255,-0.0038,-0.0227,5.32
169,detect_taxa,0.2722,0.3258,-0.3757,-0.9042,-0.4519,-0.2781,0.005988,0.001996,0.001996,0.001996,0.001996,0.005988,2.305,0.0442,-0.194,-0.0047,-0.0124,-1.42
170,detect_taxa,-1.0532,-0.9479,-1.5123,-1.0767,-0.6125,-0.8173,0.001996,0.001996,0.001996,0.001996,0.001996,0.001996,-8.175,-0.1228,-0.7861,-0.0053,-0.016,-4.395
171,detect_taxa,-1.1057,-1.032,-1.6684,-1.1792,-0.8045,-1.0666,0.001996,0.001996,0.001996,0.001996,0.001996,0.001996,-8.75,-0.1298,-0.8497,-0.0058,-0.0209,-5.485
172,detect_taxa,-1.252,-1.1783,-1.7545,-1.2643,-1.002,-0.7965,0.001996,0.001996,0.001996,0.001996,0.001996,0.001996,-10.145,-0.1531,-0.9652,-0.0064,-0.0274,-4.015
173,detect_taxa,1.3641,1.3924,0.792,-0.4477,-0.4789,1.1953,0.001996,0.001996,0.001996,0.001996,0.001996,0.001996,11.385,0.2007,0.428,-0.0023,-0.0134,6.13
174,detect_taxa,0.1633,0.1401,-0.3585,-0.7768,-0.4335,0.3596,0.081836,0.179641,0.001996,0.001996,0.001996,0.001996,1.315,0.0187,-0.1971,-0.004,-0.0123,1.765
175,detect_taxa,1.8986,1.9239,1.444,-0.2639,-0.3943,1.3225,0.001996,0.001996,0.001996,0.013972,0.001996,0.001996,15.14,0.2662,0.6967,-0.0014,-0.0109,6.51
176,detect_taxa,0.0027,0.0913,-0.3076,-0.4312,-0.6663,0.2744,0.978044,0.309381,0.001996,0.001996,0.001996,0.007984,0.02,0.011,-0.1511,-0.0022,-0.0184,1.3
177,detect_taxa,-0.0904,0.0493,-0.397,-0.4923,-0.559,0.6477,0.357285,0.644711,0.001996,0.001996,0.001996,0.001996,-0.715,0.0066,-0.2101,-0.0025,-0.016,3.19
178,detect_taxa,-0.2156,-0.2813,-0.7729,-0.9586,-0.2748,-0.6797,0.045908,0.005988,0.001996,0.001996,0.005988,0.001996,-1.74,-0.0369,-0.3951,-0.0045,-0.0077,-3.51
179,detect_taxa,-0.5814,-0.5633,-1.1232,-0.995,-0.8459,-0.4846,0.001996,0.001996,0.001996,0.001996,0.001996,0.001996,-4.82,-0.0736,-0.5782,-0.0048,-0.0216,-2.555
180,detect_taxa,-0.0307,-0.0406,-1.0094,-1.4639,-0.8762,-0.4224,0.762475,0.672655,0.001996,0.001996,0.001996,0.001996,-0.245,-0.0053,-0.5317,-0.0077,-0.0239,-1.95
181,detect_taxa,0.1032,0.1588,-0.2977,-0.5788,-0.3668,-0.1093,0.287425,0.111776,0.011976,0.001996,0.001996,0.277445,0.83,0.0206,-0.1528,-0.0029,-0.0093,-0.515
182,detect_taxa,0.9053,0.8593,0.2852,-0.6298,-0.3211,0.3102,0.001996,0.001996,0.001996,0.001996,0.005988,0.003992,6.995,0.1134,0.1461,-0.0033,-0.0091,1.62
183,detect_taxa,-0.1569,-0.0885,-0.5509,-0.6691,-0.6315,0.5721,0.101796,0.379242,0.001996,0.001996,0.001996,0.001996,-1.36,-0.0124,-0.3068,-0.0035,-0.0177,2.91
184,detect_taxa,-0.5762,-0.484,-0.9409,-0.6749,-0.8614,0.1251,0.001996,0.001996,0.001996,0.001996,0.001996,0.197605,-4.775,-0.0629,-0.4927,-0.0036,-0.0235,0.655
185,detect_taxa,0.5669,0.6971,0.1545,-0.4577,-0.7604,0.8364,0.001996,0.001996,0.129741,0.001996,0.001996,0.001996,4.78,0.0973,0.0826,-0.0023,-0.0221,4.04
186,detect_taxa,1.2065,1.2799,0.298,-0.9627,-0.8773,0.7063,0.001996,0.001996,0.007984,0.001996,0.001996,0.001996,9.465,0.1656,0.1605,-0.0052,-0.0238,3.615
187,detect_taxa,1.0644,1.0602,0.5849,-0.3769,-0.6377,1.2836,0.001996,0.001996,0.001996,0.001996,0.001996,0.001996,9.075,0.1606,0.3308,-0.002,-0.0176,6.615
188,detect_taxa,1.0326,1.1111,0.4472,-0.5405,-0.742,1.4527,0.001996,0.001996,0.001996,0.001996,0.001996,0.001996,7.835,0.1346,0.219,-0.0028,-0.022,7.09
189,detect_taxa,0.0398,0.007,-0.2344,-0.4357,-0.172,0.1529,0.666667,0.94012,0.01996,0.001996,0.073852,0.097804,0.32,0.0009,-0.1204,-0.0021,-0.0048,0.74
190,detect_taxa,-0.4004,-0.2608,-1.1123,-1.233,-1.2312,-0.2502,0.001996,0.00998,0.001996,0.001996,0.001996,0.013972,-3.245,-0.0336,-0.5956,-0.0063,-0.0348,-1.205
191,detect_taxa,0.6306,0.8074,-0.0392,-0.847,-1.1877,1.1489,0.001996,0.001996,0.702595,0.001996,0.001996,0.001996,5.07,0.1088,-0.0202,-0.0042,-0.0331,5.5
192,detect_taxa,0.57,0.4979,-0.2731,-1.2077,-0.5177,-0.0975,0.001996,0.001996,0.001996,0.001996,0.001996,0.317365,4.855,0.0731,-0.1491,-0.0061,-0.0149,-0.51
193,detect_taxa,0.406,0.4796,-0.1829,-0.817,-0.9656,0.8545,0.001996,0.001996,0.063872,0.001996,0.001996,0.001996,3.49,0.066,-0.0974,-0.0042,-0.0279,4.11
194,detect_taxa,0.0196,0.1921,-1.0683,-1.7132,-1.4371,-0.3977,0.820359,0.055888,0.001996,0.001996,0.001996,0.001996,0.155,0.0249,-0.585,-0.0088,-0.0434,-1.94
195,detect_taxa,0.1448,0.174,-0.3994,-0.857,-0.387,-0.2864,0.153693,0.125749,0.001996,0.001996,0.001996,0.015968,1.38,0.0269,-0.2391,-0.0045,-0.0106,-1.655
196,detect_taxa,-0.5303,-0.445,-1.4312,-1.5031,-1.1235,-0.5461,0.001996,0.001996,0.001996,0.001996,0.001996,0.001996,-4.2,-0.0576,-0.7424,-0.0076,-0.0303,-2.855
197,detect_taxa,-0.1175,-0.1767,-0.8444,-1.136,-0.8625,-0.3663,0.267465,0.083832,0.001996,0.001996,0.001996,0.001996,-0.94,-0.0238,-0.4496,-0.0062,-0.0238,-1.81
198,detect_taxa,0.5435,0.6051,0.4258,0.0208,-0.454,1.2387,0.001996,0.001996,0.001996,0.834331,0.001996,0.001996,4.41,0.0835,0.2211,0.0001,-0.0128,5.97
199,detect_taxa,1.0733,1.0562,0.1026,-1.1276,-0.5963,0.5714,0.001996,0.001996,0.341317,0.001996,0.001996,0.001996,8.145,0.1356,0.0504,-0.0057,-0.0164,2.585
