rep,mean_abs_r,h1_count,h1_entropy,h1_total_persistence,h1_mean_lifetime,h1_max_lifetime,max_betti1
0,0.37172117078935435,28,2.9981341208475207,1.42467350512743,0.05088119661169393,0.1492636799812317,10
1,0.3571800007737734,43,3.4103059283549757,1.7768270447850227,0.04132155918104704,0.16198945045471191,12
2,0.358192817273434,35,3.1692410106869473,1.7305361814796925,0.049443890899419786,0.2022228240966797,11
3,0.3778797732140785,32,3.094092783029164,1.2926925644278526,0.040396642638370395,0.16304528713226318,9
4,0.38793472870452766,43,3.3422927136497833,1.5971659421920776,0.03714339400446692,0.15715479850769043,9
5,0.35855580488250965,35,3.1083524035308203,1.5964433252811432,0.04561266643660409,0.1392608880996704,15
6,0.3668362343970372,39,3.333662421457111,1.660628154873848,0.042580209099329434,0.12336760759353638,19
7,0.3500594398584699,44,3.3514050908316766,2.21094761043787,0.05024880932813341,0.19166436791419983,15
8,0.38215852856454513,28,3.1579152787789893,1.1636567264795303,0.04155916880284037,0.098416268825531,9
9,0.33113317342018356,32,3.0227008911207722,1.593553975224495,0.04979856172576547,0.16621285676956177,11
10,0.38391668220075204,34,3.1329090513003344,1.6016672067344189,0.04710785902160056,0.1645457148551941,14
11,0.3765631803489718,39,3.254331100350333,1.4941926822066307,0.03831263287709309,0.13603776693344116,10
12,0.364792178060033,41,3.339155095122208,1.9085276573896408,0.04654945505828392,0.18033289909362793,16
13,0.3832399295162862,38,3.11145510559329,1.6037789434194565,0.04220470903735412,0.15426504611968994,14
14,0.38379600873660413,34,3.1337410842602025,1.6107251197099686,0.04737426822676378,0.19266462326049805,14
15,0.3562769018116848,32,3.1452348264691317,1.4267296344041824,0.0445853010751307,0.12636840343475342,11
16,0.39552291248272203,23,2.821253473757301,1.0565157383680344,0.04593546688556671,0.1448180079460144,10
17,0.36242143563085394,42,3.31358232790212,1.8796334192156792,0.04475317664799236,0.15548765659332275,12
18,0.35551805881380555,36,3.1514623255928327,1.585940346121788,0.044053898503383,0.18343985080718994,10
19,0.37279237200206816,39,3.3126954996886937,1.7878301367163658,0.045841798377342716,0.16415667533874512,14
20,0.37217525326831574,31,2.9855203348882253,1.362305387854576,0.0439453350920831,0.19061380624771118,9
21,0.3592417900893709,38,3.3400545574666536,1.6751321852207184,0.04408242592686101,0.13298141956329346,14
22,0.3652359481009142,32,3.22622808713544,1.6350654289126396,0.05109579465351999,0.14843010902404785,11
23,0.37609863499354607,35,3.0891825448272496,1.6450124606490135,0.04700035601854324,0.20238953828811646,15
24,0.35505351345837993,50,3.6350824002646993,2.371547721326351,0.047430954426527026,0.12870246171951294,18
25,0.34743307740195073,32,3.1458521371229984,1.676632471382618,0.05239476473070681,0.1663239598274231,9
26,0.3645676014082675,40,3.3030535186315424,1.7209782898426056,0.04302445724606514,0.1954987645149231,11
27,0.37253581339401604,35,3.2236221622251615,1.8382326886057854,0.05252093396016529,0.17132538557052612,16
28,0.3439931802434573,42,3.380572019207937,2.121422663331032,0.050510063412643615,0.19077518582344055,9
29,0.3412834085417539,41,3.3612992089827496,1.5164768919348717,0.03698724126670419,0.114865243434906,13
30,0.36074769362797693,40,3.442003711354027,1.7860518768429756,0.04465129692107439,0.1366490125656128,14
31,0.3603392995944726,39,3.2998896866346934,1.4792997986078262,0.03793076406686734,0.15776604413986206,11
32,0.3564308651137272,33,3.0972296255603573,1.6512918695807457,0.0500391475630529,0.1704917550086975,9
33,0.36545840792625245,43,3.284172454700328,1.863961860537529,0.04334795024505882,0.21000272035598755,14
34,0.36739355309340294,37,3.262606159101196,1.1140626780688763,0.03010980210996963,0.10869991779327393,13
35,0.32522355014226884,46,3.4494043703576573,1.9801054298877716,0.043045770214951554,0.16254514455795288,17
36,0.3432302573499672,35,3.0360281078275926,1.9292582161724567,0.05512166331921305,0.22072798013687134,11
37,0.37843481487473674,39,3.2402030237745687,1.7824952155351639,0.045705005526542664,0.17699360847473145,13
38,0.34653662585598677,41,3.259669086789219,1.5885522961616516,0.03874517795516223,0.13909417390823364,12
39,0.37641742959542207,27,2.829594948161341,1.2600722312927246,0.04666934189973054,0.18316197395324707,8
40,0.3488780638785035,45,3.4177322675294217,2.043345347046852,0.04540767437881894,0.18055015802383423,13
41,0.33492733565230853,39,3.4097084787197014,1.791219837963581,0.045928713793937974,0.14209502935409546,15
42,0.3600812286113232,34,3.1656488907571463,1.652458906173706,0.04860173253452077,0.16126704216003418,14
43,0.3654734613341963,36,3.136938382403073,1.7707139775156975,0.04918649937543604,0.24351206421852112,10
44,0.3524603177394565,35,3.2325001208505655,1.438510701060295,0.04110030574457986,0.14148378372192383,9
45,0.3524694623330673,31,3.096036007499626,1.7618224769830704,0.05683298312848614,0.15548759698867798,11
46,0.33739642868447994,42,3.464105547041889,1.6941371411085129,0.04033659859782174,0.15637671947479248,15
47,0.35669503835453603,35,3.2342723501628607,2.155987799167633,0.06159965140478951,0.2117810845375061,12
48,0.35905784307173944,36,3.3115069625131217,1.6677407771348953,0.04632613269819154,0.14265072345733643,10
49,0.3455774635007615,43,3.3854040442961537,1.3419839814305305,0.031208929800710012,0.1434287428855896,12
50,0.3673849803567095,41,3.4141556106645647,1.9844404980540276,0.048400987757415304,0.18510699272155762,10
51,0.34882068155359625,37,3.3062734454820024,1.8730201870203018,0.050622167216764914,0.12520140409469604,13
52,0.3620590811090282,35,3.1933872553274076,1.5226452723145485,0.043504150637558525,0.1234787106513977,9
53,0.3818316796859888,27,3.054159617042486,1.3720475807785988,0.05081657706587403,0.12231174111366272,9
54,0.36268569680044743,29,2.964017199958543,1.3084191232919693,0.04511790080317136,0.176771342754364,10
55,0.3797001452583524,42,3.4249857036416094,2.001778356730938,0.047661389445974714,0.16387885808944702,14
56,0.3787903285371113,34,3.0651173835792402,1.3921643644571304,0.040946010719327366,0.20466798543930054,12
57,0.36548153319663346,31,3.1402465580619796,1.4167823940515518,0.045702657872630705,0.1637677550315857,7
58,0.3405714315861298,35,3.188288703507663,1.202611893415451,0.03436033981187003,0.1457071304321289,9
59,0.3521938231787311,32,3.1596122732930643,1.7405389845371246,0.054391843266785145,0.180716872215271,10
60,0.3575710904224451,32,3.0115685042766844,1.8297305256128311,0.05717907892540097,0.1808280348777771,13
61,0.38637538205056965,29,2.995535275479473,1.1136426776647568,0.0384014716436123,0.1464850902557373,12
62,0.346249010801172,41,3.3675559309769323,1.5555990040302277,0.03794143912268848,0.11992216110229492,14
63,0.3783790504394682,41,3.2921582336926387,1.8354542031884193,0.04476717568752242,0.2119477391242981,9
64,0.3804325744493021,28,2.9923890722710698,1.400889053940773,0.05003175192645618,0.1415393352508545,11
65,0.3703091927785849,32,3.0497193488518946,1.3414836749434471,0.04192136484198272,0.16737985610961914,9
66,0.34588976895832535,41,3.3571773926366237,1.9854958057403564,0.04842672696927699,0.16626840829849243,17
67,0.3332565128850842,43,3.273320682532296,2.1244792342185974,0.049406493819037146,0.20694637298583984,12
68,0.3578523921905171,38,3.3135067497899082,2.2407893240451813,0.05896814010645214,0.19027507305145264,16
69,0.35801087503209406,39,3.350225527297063,1.8297303393483162,0.046916162547392726,0.15476518869400024,12
70,0.3710280985224447,35,3.224282313933631,1.2372878268361092,0.03535108076674598,0.11442065238952637,8
71,0.3789827343038328,42,3.322238945228955,2.0207835137844086,0.04811389318534306,0.1923311948776245,13
72,0.3679877673474701,51,3.5227582883421267,1.5415392518043518,0.030226259839301016,0.1144762635231018,14
73,0.3835321868742593,27,2.840477508966523,1.0742728039622307,0.03978788162823076,0.1474895477294922,7
74,0.33829289781620075,35,3.241038909685479,1.8018338605761528,0.05148096744503294,0.2171158790588379,11
75,0.3536086676678825,29,2.9882724139164862,1.5269796550273895,0.05265447086301343,0.15704357624053955,10
76,0.3878573735074189,29,2.8194242624924537,1.3407436683773994,0.04623254028887584,0.2413160800933838,7
77,0.34671855051156963,34,3.0085775842498954,1.2003334313631058,0.03530392445185605,0.2042233943939209,6
78,0.3767559378308321,30,3.1463390366754798,1.5129757598042488,0.050432525326808295,0.14031672477722168,10
79,0.3647445317088784,36,3.2244071295389065,1.61111418902874,0.044753171917465,0.21411502361297607,8
80,0.35221327302591093,39,3.2713175480569823,1.7525426000356674,0.044936989744504295,0.13048070669174194,12
81,0.35503554081478333,45,3.41325688508642,2.06246180832386,0.045832484629419114,0.17721587419509888,14
82,0.3941898241776021,30,3.0313307356242745,1.50658505782485,0.050219501927495004,0.1460961103439331,10
83,0.35909902891450163,34,3.1896808792627565,1.2494025230407715,0.036747133030610925,0.1397610306739807,8
84,0.351341828426321,42,3.5204523001164705,2.3357600793242455,0.055613335222005844,0.13431507349014282,19
85,0.33642080606075536,29,2.9430975616360433,1.3275355026125908,0.04577708629698589,0.16526812314987183,13
86,0.363429117089487,31,3.1313680594955655,1.4560155496001244,0.04696824353548788,0.1301472783088684,10
87,0.3765937092230261,40,3.2190519292950364,1.5387607514858246,0.03846901878714561,0.14943039417266846,11
88,0.37272804330316794,32,3.163025068056206,1.6766324192285538,0.052394763100892305,0.17482638359069824,11
89,0.3691813830142692,41,3.3786949663170236,1.984384424984455,0.048399620121572076,0.164434552192688,19
90,0.376186511020994,32,3.146364166263614,1.1099195405840874,0.03468498564325273,0.09519308805465698,15
91,0.3648195877195143,39,3.37456790780427,2.0778549164533615,0.05327833119111183,0.20972490310668945,16
92,0.33244605569057517,41,3.42097332080898,1.9471520110964775,0.04749151246576774,0.1522645354270935,12
93,0.35930455365590314,41,3.272384684026686,2.060906007885933,0.05026600019233983,0.1875520944595337,15
94,0.38590097108549853,33,3.175069886981535,1.7328703254461288,0.052511221983216026,0.17782717943191528,17
95,0.3379153316146188,47,3.4999093521447855,2.128702074289322,0.04529153349551749,0.16171157360076904,14
96,0.36498582587990347,41,3.3469284970867834,1.866018369793892,0.04551264316570468,0.18227285146713257,17
97,0.3799230095561005,33,3.030611115914094,1.4237287864089012,0.04314329655784549,0.16976940631866455,11
98,0.3500946993011421,39,3.260410762242717,1.942817572504282,0.04981583519241749,0.16921371221542358,17
99,0.38520492682566543,26,2.979210720748334,1.3482077866792679,0.0518541456415103,0.15887749195098877,10
100,0.38304680273353015,31,3.1135287773954348,1.003667488694191,0.03237637060303842,0.09874969720840454,11
101,0.36178212302292134,36,3.2404324338134054,1.528480052947998,0.042457779248555504,0.16015559434890747,11
102,0.34971639449776837,40,3.3778223076464693,1.8579050600528717,0.046447626501321795,0.18382883071899414,11
103,0.35400471650001236,37,3.1989042373961385,1.8312865048646927,0.04949422986120791,0.17571550607681274,17
104,0.3880194217099687,31,3.016641688056167,1.5917755216360092,0.05134759747212933,0.22028344869613647,7
105,0.357892751502703,35,3.215661590565983,1.4373992085456848,0.041068548815590994,0.16337871551513672,13
106,0.3532720411084655,34,3.1500244459031035,1.7562101185321808,0.05165323878035826,0.24473461508750916,10
107,0.34965802737047214,37,3.2169072916478547,1.747430071234703,0.047227839763100084,0.18810778856277466,16
108,0.36740045582282005,31,2.920264676440003,1.4624619781970978,0.04717619284506767,0.2188941240310669,9
109,0.380146911413508,21,2.5932814106947144,0.9008613377809525,0.042898158941950114,0.11697691679000854,9
110,0.4031815905005437,25,2.8671571096672173,1.3297393769025803,0.05318957507610321,0.18177777528762817,10
111,0.36642019055926234,29,2.9137017877415836,1.558043859899044,0.05372565034134635,0.20955818891525269,8
112,0.39068709310954874,39,3.2628600419705274,1.8803000673651695,0.048212822240132555,0.19071966409683228,15
113,0.36505354862989375,37,3.3007719604860255,1.598333090543747,0.04319819163631748,0.11875522136688232,15
114,0.37011997003387026,39,3.21087331842764,2.0331759117543697,0.05213271568600948,0.19266462326049805,13
115,0.3518300969678638,32,3.2048616931814644,1.3841065615415573,0.043253330048173666,0.11925530433654785,10
116,0.38715548622859386,29,3.0012215316935973,1.4203942716121674,0.04897911281421267,0.15120863914489746,9
117,0.35452082329479717,43,3.4848488356026563,2.0016113817691803,0.046549101901608846,0.1701027750968933,11
118,0.37427513268453627,34,3.087218956856606,1.592942550778389,0.04685125149348203,0.16265630722045898,12
119,0.38677380495988695,31,3.0696180348771,1.416059948503971,0.045679353177547455,0.14559602737426758,8
120,0.39392558059376553,31,3.126361393737078,1.778716340661049,0.057377946472937064,0.1828286051750183,13
121,0.36122488314264517,34,3.162328100873803,1.6774659156799316,0.04933723281411564,0.12653511762619019,12
122,0.3613011877420241,37,3.2946735306172568,2.0511809438467026,0.05543732280666764,0.20155596733093262,16
123,0.37355300874715563,37,3.3132976847147644,1.8660181313753128,0.05043292246960305,0.15576547384262085,16
124,0.3823808652895847,30,3.1638677181244517,1.3299805149435997,0.04433268383145332,0.11480969190597534,6
125,0.33601529609138975,41,3.359925178425349,1.6724090278148651,0.04079046409304549,0.1319255828857422,11
126,0.3674082638989031,40,3.322535207257001,2.10414008051157,0.05260350201278925,0.2048346996307373,13
127,0.33792459930852814,42,3.282969174107101,1.753931611776352,0.04176027647086552,0.1669352650642395,12
128,0.3734017360659256,37,3.1682372520052806,1.5186996459960938,0.04104593637827281,0.15687692165374756,9
129,0.36945234435725816,35,3.1915584357314093,1.555432241410017,0.04444092118314334,0.1613781750202179,13
130,0.3657641187249624,35,3.201944622202739,1.987440973520279,0.056784027814865114,0.1910530924797058,11
131,0.3791457551551441,34,3.2330568303421514,1.2656088694930077,0.03722379027920611,0.10786628723144531,10
132,0.3566455520344963,31,3.050084134842355,1.6667409613728523,0.0537658374636404,0.18416225910186768,10
133,0.37785903960664186,34,3.189792187828169,1.584662340581417,0.04660771589945344,0.15715479850769043,12
134,0.36287191238072464,34,3.1308288778979683,1.3352599143981934,0.03927235042347627,0.16260075569152832,11
135,0.3481508576573662,48,3.45053701436695,2.7271463498473167,0.05681554895515243,0.1931091547012329,17
136,0.3575729099796139,33,3.1349127702470785,1.5074148029088974,0.04567923645178477,0.1662868857383728,9
137,0.35537816411731815,42,3.39549467757931,2.408391162753105,0.05734264673221679,0.17171436548233032,17
138,0.36321200333425957,27,2.744670584442332,1.0973602682352066,0.040642972897600244,0.19394272565841675,8
139,0.39297640694848435,28,3.0057624721475507,1.5751042068004608,0.05625372167144503,0.1541539430618286,14
140,0.353139057614457,36,3.1920429819540512,1.3771046698093414,0.038252907494703926,0.13120311498641968,11
141,0.37301500768497586,40,3.257922175538478,1.6591274440288544,0.04147818610072136,0.1809946894645691,16
142,0.3759542031717672,31,3.0735614455363374,1.3397612571716309,0.04321810507005261,0.15793275833129883,8
143,0.3727437297983618,37,3.212003727122449,1.7546542137861252,0.047423086859084466,0.14581823348999023,13
144,0.35498220321397306,33,3.0654350607625127,1.8406225070357323,0.0557764396071434,0.2022228240966797,14
145,0.35349298855870653,43,3.4445706663286417,2.015059545636177,0.046861849898515745,0.15509861707687378,13
146,0.37027261494458036,35,3.1564337893118086,1.7255826890468597,0.04930236254419599,0.1902247667312622,15
147,0.38752517401106507,27,2.862845132796633,1.205279178917408,0.04463996958953363,0.18455129861831665,8
148,0.3977420943229661,38,3.2894299312128155,1.5222563222050667,0.04005937690013334,0.1416504979133606,17
149,0.3979535454644576,35,3.111806344644004,1.373270332813263,0.03923629522323609,0.1699916124343872,12
150,0.3561417552695721,27,2.9422202607699677,1.1194777488708496,0.0414621388470685,0.1405390501022339,7
151,0.3310596838485457,45,3.4340072141722007,1.9550418928265572,0.043445375396145715,0.13932031393051147,12
152,0.3807344163814844,38,3.3168370065042017,1.6744651719927788,0.04406487294717839,0.1595999002456665,16
153,0.36438680224112896,37,3.308170903926737,1.537315957248211,0.04154907992562732,0.13720476627349854,9
154,0.33059283345233037,43,3.3598282502624204,1.8161156699061394,0.04223524813735208,0.20416784286499023,14
155,0.3645088122228046,41,3.3718709115988004,1.9951098039746284,0.0486612147310885,0.19099748134613037,16
156,0.3518227637072184,41,3.385387869377694,1.758488580584526,0.04288996538011039,0.12164491415023804,17
157,0.39340331878405044,29,3.0247195623426606,1.7877187058329582,0.06164547261492959,0.21817171573638916,13
158,0.3499341237544889,39,3.1769114673058243,1.4825228974223137,0.03801340762621317,0.1626562476158142,13
159,0.3606225533815652,48,3.463377041654234,1.9188665002584457,0.03997638542205095,0.1536538004875183,14
160,0.3517594198107069,32,3.148360562087,1.308141216635704,0.04087941301986575,0.1070297360420227,9
161,0.3666276321481706,34,3.1945237838971576,1.4742984622716904,0.04336171947857913,0.1594887375831604,11
162,0.3822271833596535,36,3.18726865292599,1.7227007560431957,0.04785279877897766,0.16649073362350464,13
163,0.3523058620362196,46,3.563890109953019,2.3129202276468277,0.05028087451406147,0.17693805694580078,20
164,0.33556826614987995,50,3.580007529986323,2.7124756425619125,0.05424951285123825,0.15137535333633423,18
165,0.3459099222357829,38,3.235492182607993,1.6238954216241837,0.042734090042741674,0.14993053674697876,12
166,0.3400413089430609,40,3.340126212770449,1.7433175146579742,0.04358293786644936,0.17877185344696045,15
167,0.35303271654221824,34,3.105139595427443,1.6646845862269402,0.048961311359615886,0.23128646612167358,11
168,0.35913293425388915,34,3.17709470211426,1.7446512207388878,0.05131327119820258,0.1680467128753662,15
169,0.35173752554331206,37,3.242525433734118,1.6425673589110374,0.04439371240300101,0.1393720507621765,14
170,0.36527008205514194,34,3.1622832390799878,1.4406224638223648,0.042371248935951907,0.13842737674713135,15
171,0.3551315238761823,43,3.351781933220507,1.6663516759872437,0.038752364557842874,0.1658238172531128,14
172,0.37319055998474915,39,3.249924297565447,2.080246664583683,0.05333965806624828,0.19078052043914795,13
173,0.3706327882921065,33,3.33192331200802,1.6910808384418488,0.05124487389217724,0.11836624145507812,16
174,0.36804942301131477,32,3.224734655526046,1.5992776453495026,0.049977426417171955,0.1281467080116272,10
175,0.38622491831415906,34,3.088521765646416,1.5957213193178177,0.04693297997993581,0.17743819952011108,13
176,0.3623078140552405,40,3.3075595714470762,2.1197554990649223,0.05299388747662306,0.2133370041847229,17
177,0.3796863052676377,42,3.3375888936462577,1.816281996667385,0.04324480944446155,0.16410112380981445,17
178,0.34642573007269956,34,3.212781171889604,1.9141984432935715,0.056299954214516806,0.15093082189559937,11
179,0.3711212151054618,28,2.99129505535416,1.3084188625216484,0.04672924509005887,0.14003890752792358,8
180,0.38361642298669474,38,3.270264213247095,1.230897270143032,0.032392033424816634,0.113253653049469,13
181,0.3701902075471036,40,3.3615783546182385,1.998277448117733,0.04995693620294332,0.13592666387557983,11
182,0.3541800289109845,44,3.4384447970081684,1.801945075392723,0.040953297168016434,0.12153375148773193,11
183,0.36535514436147887,35,2.9291326396282473,1.3962210416793823,0.039892029762268064,0.18949705362319946,11
184,0.3627026494701412,35,3.1934101130113044,1.8128926008939743,0.05179693145411355,0.13620448112487793,17
185,0.36409299699986997,37,3.1395278217527265,1.4808002710342407,0.04002162894687137,0.17432624101638794,8
186,0.36929081917973,39,3.342497232311816,1.8668519854545593,0.047867999627039984,0.17393720149993896,14
187,0.3913904530442705,37,3.176342138498743,1.859794244170189,0.050264709301897,0.15332037210464478,10
188,0.37846761193909095,36,3.2825599568483406,1.978437788784504,0.054956605244013995,0.18066632747650146,13
189,0.3631746127772515,29,2.973141961487352,1.3367972373962402,0.04609645646193932,0.17805439233779907,8
190,0.38346478100456893,39,3.3658561517667533,2.2487910836935043,0.05766130983829498,0.15548759698867798,24
191,0.37663709328540634,34,3.0424197269466617,1.458349533379078,0.04289263333467876,0.19572103023529053,9
192,0.34413863203913897,39,3.318285637441592,1.9731594175100327,0.050593831218205966,0.18971937894821167,15
193,0.3774728387984005,41,3.3363047193688606,2.0373436585068703,0.049691308744070004,0.17660462856292725,14
194,0.36390788932228013,31,2.9711466834190934,1.1035843640565872,0.03559949561472862,0.19583219289779663,10
195,0.34498273078668135,50,3.5786538749896124,2.3269796520471573,0.04653959304094315,0.15632116794586182,21
196,0.35568077982280594,34,3.220190479962389,1.3602113351225853,0.040006215738899564,0.09791606664657593,11
197,0.3413603462283828,41,3.370907029217656,1.7139204442501068,0.041802937664636754,0.15515416860580444,12
198,0.35888761294452404,31,3.116835185281889,1.306640699505806,0.04214969998405826,0.13981664180755615,7
199,0.38030245743367547,42,3.4751157609647074,2.322589732706547,0.055299755540632066,0.17304807901382446,18
200,0.38123833624670717,34,3.094723094211806,1.5273131877183914,0.044920976109364456,0.18899697065353394,12
201,0.3400327095079155,45,3.410219917250439,2.060516983270645,0.04578926629490322,0.14787441492080688,19
202,0.37503770386288743,30,3.1002985428768763,1.642567440867424,0.05475224802891413,0.12464576959609985,10
203,0.3670017867129055,42,3.4971731229776286,1.7280908972024918,0.04114502136196409,0.10875242948532104,12
204,0.37833779425367814,39,3.3009605535367705,1.6331199556589127,0.04187487065792084,0.12358993291854858,11
205,0.3453078210895432,40,3.309107754594926,1.6238400116562843,0.04059600029140711,0.114865243434906,12
206,0.36543171274721187,34,3.244949192283212,1.9332037568092346,0.05685893402380102,0.17949432134628296,17
207,0.37574241790089374,32,3.1593519191005277,1.2942485064268112,0.04044526582583785,0.13092529773712158,9
208,0.38009751302225303,30,3.057622569094493,1.3592665046453476,0.045308883488178256,0.1569880247116089,13
209,0.35238723133359834,31,3.029391041988224,1.3188109025359154,0.042542287178577914,0.16232287883758545,9
210,0.36590503136537905,27,2.8843174604711064,1.5108496397733688,0.05595739406568033,0.1979493498802185,8
211,0.3665282022784107,38,3.271391812340939,1.7568770870566368,0.04623360755412202,0.18983054161071777,8
212,0.36569734560584705,38,3.331343335478465,1.8274521678686142,0.04809084652285827,0.14537370204925537,18
213,0.37092511632978226,48,3.427262924046155,1.9724369049072266,0.04109243551890055,0.14943039417266846,14
214,0.38681177260912847,33,3.187188385534235,1.8430674076080322,0.055850527503273704,0.23217558860778809,14
215,0.3750869967396007,30,3.0193082646032985,1.1872188746929169,0.03957396248976389,0.14065015316009521,7
216,0.37774464425772286,30,3.1297075861801456,1.3650458604097366,0.04550152868032455,0.13214784860610962,13
217,0.3526637146042678,41,3.288176328944191,1.7380939722061157,0.042392535907466236,0.17871630191802979,11
218,0.39326170068338256,36,3.3270482363745972,1.3369268476963043,0.0371368568804529,0.1078076958656311,10
219,0.35342183658611226,37,3.345588665994672,1.736538052558899,0.04693346087997024,0.118644118309021,14
220,0.32218750989198836,51,3.6055393466366836,2.4649626091122627,0.04833260017867182,0.13214784860610962,18
221,0.3970549132846326,27,2.981595724394736,1.3154208958148956,0.048719292437588727,0.16415667533874512,8
222,0.37796733269790134,38,3.174193248826977,1.6502918899059296,0.04342873394489288,0.15137535333633423,15
223,0.3827658175090831,38,3.2363694953260427,2.159655548632145,0.0568330407534775,0.23462074995040894,15
224,0.36563308724997456,29,2.9899144155110267,1.6062239035964012,0.055387031158496594,0.1822172999382019,9
225,0.39265901920716384,27,3.007172599999202,1.2581271529197693,0.046597301959991455,0.11847734451293945,11
226,0.3778004086929915,26,2.9095797355201767,1.2073353379964828,0.04643597453832626,0.15276461839675903,11
227,0.32631471118911376,50,3.5166869894562574,2.206446163356304,0.044128923267126086,0.17521530389785767,13
228,0.3926199320397125,40,3.3510609296224416,2.0030567795038223,0.05007641948759556,0.18155550956726074,12
229,0.3978202454268239,32,3.056706021937445,1.2490136362612247,0.03903167613316327,0.1401500701904297,9
230,0.358756036311071,33,3.120581785909292,1.1986664161086082,0.03632322473056389,0.1549319624900818,10
231,0.3508324569764457,26,2.9316323499457213,1.3156987875699997,0.050603799521923065,0.1487635374069214,14
232,0.3977793937134437,33,3.0661877294070377,1.1999997571110725,0.03636362900336584,0.14092803001403809,9
233,0.37774956826966716,33,3.070949327089133,1.5243125334382057,0.04619128889206684,0.12981384992599487,12
234,0.36627352028450316,40,3.2169384851038862,1.9280890673398972,0.048202226683497426,0.18894660472869873,12
235,0.3509803356065856,32,3.0705435023693726,1.6571268737316132,0.05178521480411291,0.13920533657073975,10
236,0.36379825971349294,34,3.1652953455819492,1.758266106247902,0.051713709007291234,0.14898580312728882,13
237,0.35296225041414464,42,3.4041388945937587,2.036788322031498,0.048494960048369,0.17827177047729492,11
238,0.3863398060642725,35,3.00842731550722,1.3953321054577827,0.03986663158450808,0.17193669080734253,12
239,0.36351289563556693,37,3.3120061920284916,1.5489303469657898,0.04186298235042675,0.12642395496368408,10
240,0.337150755659976,36,3.1651685228217854,1.8091137558221817,0.05025315988394949,0.20077800750732422,12
241,0.36553145916059665,32,3.1457234593656596,1.3642677664756775,0.04263336770236492,0.15476518869400024,11
242,0.38719039395612714,27,2.9528743407696716,1.0518479198217392,0.03895733036376812,0.1134759783744812,10
243,0.38434806081858186,33,3.189084998839311,1.944929089397192,0.058937245133248245,0.1996665596961975,17
244,0.3604789129188488,36,3.145057147815133,1.617782510817051,0.044938403078251414,0.16815781593322754,15
245,0.31850559754643526,45,3.5332477830543763,2.4171712920069695,0.05371491760015488,0.14970821142196655,15
246,0.39323965374792774,32,3.109668083043112,1.2337101623415947,0.038553442573174834,0.13598603010177612,12
247,0.3440857164964953,40,3.2889867595779867,1.4395111352205276,0.03598777838051319,0.11914420127868652,11
248,0.35170687356895913,39,3.266466978708964,1.5582108050584793,0.039954123206627674,0.171603262424469,9
249,0.3897052099563522,26,2.943771886380434,1.3453736379742622,0.051745139922087006,0.15587663650512695,13
250,0.3806093288923436,25,2.853965271086379,1.1666018068790436,0.04666407227516174,0.144206702709198,9
251,0.37907808328212794,34,3.2019028737605644,1.323126271367073,0.0389154785696198,0.12576061487197876,13
252,0.35747361257170596,44,3.5085810907894515,2.0954154431819916,0.04762307825413617,0.12559044361114502,17
253,0.3430858431139453,40,3.3843600796938604,2.173770323395729,0.054344258084893224,0.17593777179718018,13
254,0.36854361795294766,31,3.0140149343171707,1.3399278335273266,0.043223478500881506,0.1544317603111267,7
255,0.35091831064184503,41,3.3421136870291837,1.8924700319766998,0.04615780565796829,0.13664907217025757,14
256,0.3517100689345654,36,3.2397044142365585,1.4223791360855103,0.03951053155793084,0.12748336791992188,8
257,0.3654744988938559,38,3.233575872975477,1.396110162138939,0.03673974110891944,0.1355932354927063,9
258,0.3515331966333828,37,3.33163245203056,1.8969713747501373,0.05126949661486858,0.1465962529182434,14
259,0.36743622525244357,34,3.239060520069081,1.7508754283189774,0.051496336127028745,0.13870519399642944,11
260,0.3748727318769983,38,3.3338070952830297,1.309697262942791,0.03446571744586292,0.11803275346755981,11
261,0.3791839681205399,31,3.0672957190095995,1.8150597736239433,0.05855031527819172,0.2320089340209961,13
262,0.3561657774135573,40,3.191487419061671,1.4038898646831512,0.03509724661707878,0.23217561841011047,8
263,0.37890173430734986,38,3.330226928696252,1.7151430249214172,0.04513534276108993,0.12659072875976562,12
264,0.35793588936448595,42,3.44906912110799,1.9583217650651932,0.04662670869202841,0.15504306554794312,14
265,0.35893834785330675,43,3.352231363733402,1.8815781697630882,0.04375763185495554,0.1889413595199585,13
266,0.34857996771255034,33,3.0441726102542535,1.4635174721479416,0.04434901430751338,0.1881633996963501,10
267,0.3398053256706329,37,3.1384208467565333,1.6574049219489098,0.0447947276202408,0.17582660913467407,10
268,0.3974771123806816,35,3.1942727495127166,1.5419709384441376,0.04405631252697536,0.12370443344116211,13
269,0.37567712198536174,40,3.249197824690115,1.995831921696663,0.049895798042416575,0.21967214345932007,14
270,0.3547389218524134,38,3.2994464560079164,1.4140037596225739,0.037210625253225625,0.1668241024017334,9
271,0.3701975232219922,31,3.0554072317269307,1.3485970199108124,0.04350312967454233,0.13425952196121216,15
272,0.3914857854326625,28,2.804202114737243,1.3716030716896057,0.04898582398891449,0.21233677864074707,9
273,0.37905031460034716,36,3.0958988572016173,1.4168220162391663,0.039356167117754616,0.20734113454818726,12
274,0.32581703426760605,38,3.383179645806737,2.030230514705181,0.05342711880803108,0.13503754138946533,11
275,0.3654839424453347,43,3.2812890550236964,2.0045012161135674,0.04661630735147831,0.18405115604400635,12
276,0.3585118229043933,34,3.2170139981491577,1.5076408386230469,0.0443423776065602,0.13803833723068237,13
277,0.36984290643322165,38,3.3109141682527845,1.7115313410758972,0.04504029844936572,0.10386216640472412,12
278,0.3458126554141271,45,3.412982764955532,2.174715131521225,0.04832700292269389,0.1597665548324585,14
279,0.3614592133539205,32,3.187384443603264,1.5222005099058151,0.04756876593455672,0.13714921474456787,10
280,0.37866161838204015,31,2.911412952722889,1.7073075100779533,0.05507443580896624,0.19333148002624512,12
281,0.33383554151821365,37,3.3271548681963727,2.0041677430272102,0.05416669575749217,0.15598779916763306,14
282,0.4033045434768921,37,3.263730613458449,1.6945732086896896,0.04579927591053215,0.1337631344795227,15
283,0.37431640645608316,34,3.1775359863480377,1.5619893744587898,0.045940863954670286,0.14065021276474,13
284,0.3399409821996968,37,3.2625968084258714,1.9861630275845528,0.053680081826609535,0.18360650539398193,13
285,0.3832585273066911,26,2.949959875159207,1.277834728360176,0.04914748955231447,0.1463780403137207,11
286,0.38793963513071505,31,3.088098067433038,1.6856904029846191,0.05437710977369739,0.23489856719970703,12
287,0.38046247023610635,29,2.9541757694510613,1.630564033985138,0.05622634599948752,0.21083635091781616,15
288,0.33807736677909833,36,3.205323743403034,2.008113354444504,0.055780926512347326,0.20338982343673706,12
289,0.3765489007143335,31,3.0803578495448036,1.7756041586399078,0.057277553504513155,0.17393720149993896,11
290,0.35891856387674503,40,3.454580854094157,2.19705468416214,0.0549263671040535,0.14565157890319824,20
291,0.3410243879277296,42,3.2658738218793517,2.2777436673641205,0.05423199208009811,0.2130591869354248,14
292,0.3646476869453893,31,3.061263489036109,1.527090921998024,0.049260997483807224,0.17349261045455933,10
293,0.372819295795949,29,3.017803308354365,1.4699639528989792,0.050688412168930316,0.1683245301246643,14
294,0.36213461193510166,34,3.2079741656795133,1.6060573011636734,0.047236979445990396,0.15320920944213867,12
295,0.37090049627006105,44,3.4152892119916545,2.277243636548519,0.05175553719428452,0.1760488748550415,16
296,0.39142384839670663,31,3.0839349348879277,1.3143651485443115,0.04239887575949392,0.16265630722045898,11
297,0.3526126103945893,34,3.175348273542536,1.8679631054401398,0.0549400913364747,0.18849676847457886,18
298,0.37880316613968024,32,3.0228010751733185,1.486801765859127,0.04646255518309772,0.14565157890319824,10
299,0.364429623559287,33,3.082273266330366,1.6730202436447144,0.05069758314074892,0.14448457956314087,10
